[{"code":"041014001","name":"Adya","oldName":"","subMunicipalityCode":false,"cityCode":"041014000","municipalityCode":false,"districtCode":false,"provinceCode":"041000000","regionCode":"040000000","islandGroupCode":"luzon","psgc10DigitCode":"0401014001"},{"code":"041014003","name":"Anilao","oldName":"","subMunicipalityCode":false,"cityCode":"041014000","municipalityCode":false,"districtCode":false,"provinceCode":"041000000","regionCode":"040000000","islandGroupCode":"luzon","psgc10DigitCode":"0401014003"},{"code":"041014004","name":"Anilao-Labac","oldName":"","subMunicipalityCode":false,"cityCode":"041014000","municipalityCode":false,"districtCode":false,"provinceCode":"041000000","regionCode":"040000000","islandGroupCode":"luzon","psgc10DigitCode":"0401014004"},{"code":"041014005","name":"Antipolo Del Norte","oldName":"","subMunicipalityCode":false,"cityCode":"041014000","municipalityCode":false,"districtCode":false,"provinceCode":"041000000","regionCode":"040000000","islandGroupCode":"luzon","psgc10DigitCode":"0401014005"},{"code":"041014006","name":"Antipolo Del Sur","oldName":"","subMunicipalityCode":false,"cityCode":"041014000","municipalityCode":false,"districtCode":false,"provinceCode":"041000000","regionCode":"040000000","islandGroupCode":"luzon","psgc10DigitCode":"0401014006"},{"code":"041014007","name":"Bagong Pook","oldName":"","subMunicipalityCode":false,"cityCode":"041014000","municipalityCode":false,"districtCode":false,"provinceCode":"041000000","regionCode":"040000000","islandGroupCode":"luzon","psgc10DigitCode":"0401014007"},{"code":"041014008","name":"San Sebastian","oldName":"Balagbag","subMunicipalityCode":false,"cityCode":"041014000","municipalityCode":false,"districtCode":false,"provinceCode":"041000000","regionCode":"040000000","islandGroupCode":"luzon","psgc10DigitCode":"0401014008"},{"code":"041014009","name":"Balintawak","oldName":"","subMunicipalityCode":false,"cityCode":"041014000","municipalityCode":false,"districtCode":false,"provinceCode":"041000000","regionCode":"040000000","islandGroupCode":"luzon","psgc10DigitCode":"0401014009"},{"code":"041014010","name":"Banaybanay","oldName":"","subMunicipalityCode":false,"cityCode":"041014000","municipalityCode":false,"districtCode":false,"provinceCode":"041000000","regionCode":"040000000","islandGroupCode":"luzon","psgc10DigitCode":"0401014010"},{"code":"041014011","name":"Bolbok","oldName":"","subMunicipalityCode":false,"cityCode":"041014000","municipalityCode":false,"districtCode":false,"provinceCode":"041000000","regionCode":"040000000","islandGroupCode":"luzon","psgc10DigitCode":"0401014011"},{"code":"041014012","name":"Bugtong na Pulo","oldName":"","subMunicipalityCode":false,"cityCode":"041014000","municipalityCode":false,"districtCode":false,"provinceCode":"041000000","regionCode":"040000000","islandGroupCode":"luzon","psgc10DigitCode":"0401014012"},{"code":"041014013","name":"Bulacnin","oldName":"","subMunicipalityCode":false,"cityCode":"041014000","municipalityCode":false,"districtCode":false,"provinceCode":"041000000","regionCode":"040000000","islandGroupCode":"luzon","psgc10DigitCode":"0401014013"},{"code":"041014014","name":"Bulaklakan","oldName":"","subMunicipalityCode":false,"cityCode":"041014000","municipalityCode":false,"districtCode":false,"provinceCode":"041000000","regionCode":"040000000","islandGroupCode":"luzon","psgc10DigitCode":"0401014014"},{"code":"041014015","name":"Calamias","oldName":"","subMunicipalityCode":false,"cityCode":"041014000","municipalityCode":false,"districtCode":false,"provinceCode":"041000000","regionCode":"040000000","islandGroupCode":"luzon","psgc10DigitCode":"0401014015"},{"code":"041014016","name":"Cumba","oldName":"","subMunicipalityCode":false,"cityCode":"041014000","municipalityCode":false,"districtCode":false,"provinceCode":"041000000","regionCode":"040000000","islandGroupCode":"luzon","psgc10DigitCode":"0401014016"},{"code":"041014017","name":"Dagatan","oldName":"","subMunicipalityCode":false,"cityCode":"041014000","municipalityCode":false,"districtCode":false,"provinceCode":"041000000","regionCode":"040000000","islandGroupCode":"luzon","psgc10DigitCode":"0401014017"},{"code":"041014018","name":"Duhatan","oldName":"","subMunicipalityCode":false,"cityCode":"041014000","municipalityCode":false,"districtCode":false,"provinceCode":"041000000","regionCode":"040000000","islandGroupCode":"luzon","psgc10DigitCode":"0401014018"},{"code":"041014020","name":"Halang","oldName":"","subMunicipalityCode":false,"cityCode":"041014000","municipalityCode":false,"districtCode":false,"provinceCode":"041000000","regionCode":"040000000","islandGroupCode":"luzon","psgc10DigitCode":"0401014020"},{"code":"041014021","name":"Inosloban","oldName":"","subMunicipalityCode":false,"cityCode":"041014000","municipalityCode":false,"districtCode":false,"provinceCode":"041000000","regionCode":"040000000","islandGroupCode":"luzon","psgc10DigitCode":"0401014021"},{"code":"041014022","name":"Kayumanggi","oldName":"","subMunicipalityCode":false,"cityCode":"041014000","municipalityCode":false,"districtCode":false,"provinceCode":"041000000","regionCode":"040000000","islandGroupCode":"luzon","psgc10DigitCode":"0401014022"},{"code":"041014024","name":"Latag","oldName":"","subMunicipalityCode":false,"cityCode":"041014000","municipalityCode":false,"districtCode":false,"provinceCode":"041000000","regionCode":"040000000","islandGroupCode":"luzon","psgc10DigitCode":"0401014024"},{"code":"041014025","name":"Lodlod","oldName":"","subMunicipalityCode":false,"cityCode":"041014000","municipalityCode":false,"districtCode":false,"provinceCode":"041000000","regionCode":"040000000","islandGroupCode":"luzon","psgc10DigitCode":"0401014025"},{"code":"041014026","name":"Lumbang","oldName":"","subMunicipalityCode":false,"cityCode":"041014000","municipalityCode":false,"districtCode":false,"provinceCode":"041000000","regionCode":"040000000","islandGroupCode":"luzon","psgc10DigitCode":"0401014026"},{"code":"041014027","name":"Mabini","oldName":"","subMunicipalityCode":false,"cityCode":"041014000","municipalityCode":false,"districtCode":false,"provinceCode":"041000000","regionCode":"040000000","islandGroupCode":"luzon","psgc10DigitCode":"0401014027"},{"code":"041014028","name":"Malagonlong","oldName":"","subMunicipalityCode":false,"cityCode":"041014000","municipalityCode":false,"districtCode":false,"provinceCode":"041000000","regionCode":"040000000","islandGroupCode":"luzon","psgc10DigitCode":"0401014028"},{"code":"041014029","name":"Malitlit","oldName":"","subMunicipalityCode":false,"cityCode":"041014000","municipalityCode":false,"districtCode":false,"provinceCode":"041000000","regionCode":"040000000","islandGroupCode":"luzon","psgc10DigitCode":"0401014029"},{"code":"041014030","name":"Marauoy","oldName":"","subMunicipalityCode":false,"cityCode":"041014000","municipalityCode":false,"districtCode":false,"provinceCode":"041000000","regionCode":"040000000","islandGroupCode":"luzon","psgc10DigitCode":"0401014030"},{"code":"041014031","name":"Mataas Na Lupa","oldName":"","subMunicipalityCode":false,"cityCode":"041014000","municipalityCode":false,"districtCode":false,"provinceCode":"041000000","regionCode":"040000000","islandGroupCode":"luzon","psgc10DigitCode":"0401014031"},{"code":"041014032","name":"Munting Pulo","oldName":"","subMunicipalityCode":false,"cityCode":"041014000","municipalityCode":false,"districtCode":false,"provinceCode":"041000000","regionCode":"040000000","islandGroupCode":"luzon","psgc10DigitCode":"0401014032"},{"code":"041014033","name":"Pagolingin Bata","oldName":"","subMunicipalityCode":false,"cityCode":"041014000","municipalityCode":false,"districtCode":false,"provinceCode":"041000000","regionCode":"040000000","islandGroupCode":"luzon","psgc10DigitCode":"0401014033"},{"code":"041014034","name":"Pagolingin East","oldName":"","subMunicipalityCode":false,"cityCode":"041014000","municipalityCode":false,"districtCode":false,"provinceCode":"041000000","regionCode":"040000000","islandGroupCode":"luzon","psgc10DigitCode":"0401014034"},{"code":"041014035","name":"Pagolingin West","oldName":"","subMunicipalityCode":false,"cityCode":"041014000","municipalityCode":false,"districtCode":false,"provinceCode":"041000000","regionCode":"040000000","islandGroupCode":"luzon","psgc10DigitCode":"0401014035"},{"code":"041014036","name":"Pangao","oldName":"","subMunicipalityCode":false,"cityCode":"041014000","municipalityCode":false,"districtCode":false,"provinceCode":"041000000","regionCode":"040000000","islandGroupCode":"luzon","psgc10DigitCode":"0401014036"},{"code":"041014037","name":"Pinagkawitan","oldName":"","subMunicipalityCode":false,"cityCode":"041014000","municipalityCode":false,"districtCode":false,"provinceCode":"041000000","regionCode":"040000000","islandGroupCode":"luzon","psgc10DigitCode":"0401014037"},{"code":"041014038","name":"Pinagtongulan","oldName":"","subMunicipalityCode":false,"cityCode":"041014000","municipalityCode":false,"districtCode":false,"provinceCode":"041000000","regionCode":"040000000","islandGroupCode":"luzon","psgc10DigitCode":"0401014038"},{"code":"041014039","name":"Plaridel","oldName":"","subMunicipalityCode":false,"cityCode":"041014000","municipalityCode":false,"districtCode":false,"provinceCode":"041000000","regionCode":"040000000","islandGroupCode":"luzon","psgc10DigitCode":"0401014039"},{"code":"041014040","name":"Poblacion Barangay 1","oldName":"","subMunicipalityCode":false,"cityCode":"041014000","municipalityCode":false,"districtCode":false,"provinceCode":"041000000","regionCode":"040000000","islandGroupCode":"luzon","psgc10DigitCode":"0401014040"},{"code":"041014041","name":"Poblacion Barangay 10","oldName":"","subMunicipalityCode":false,"cityCode":"041014000","municipalityCode":false,"districtCode":false,"provinceCode":"041000000","regionCode":"040000000","islandGroupCode":"luzon","psgc10DigitCode":"0401014041"},{"code":"041014042","name":"Poblacion Barangay 11","oldName":"","subMunicipalityCode":false,"cityCode":"041014000","municipalityCode":false,"districtCode":false,"provinceCode":"041000000","regionCode":"040000000","islandGroupCode":"luzon","psgc10DigitCode":"0401014042"},{"code":"041014043","name":"Poblacion Barangay 2","oldName":"","subMunicipalityCode":false,"cityCode":"041014000","municipalityCode":false,"districtCode":false,"provinceCode":"041000000","regionCode":"040000000","islandGroupCode":"luzon","psgc10DigitCode":"0401014043"},{"code":"041014044","name":"Poblacion Barangay 3","oldName":"","subMunicipalityCode":false,"cityCode":"041014000","municipalityCode":false,"districtCode":false,"provinceCode":"041000000","regionCode":"040000000","islandGroupCode":"luzon","psgc10DigitCode":"0401014044"},{"code":"041014045","name":"Poblacion Barangay 4","oldName":"","subMunicipalityCode":false,"cityCode":"041014000","municipalityCode":false,"districtCode":false,"provinceCode":"041000000","regionCode":"040000000","islandGroupCode":"luzon","psgc10DigitCode":"0401014045"},{"code":"041014046","name":"Poblacion Barangay 5","oldName":"","subMunicipalityCode":false,"cityCode":"041014000","municipalityCode":false,"districtCode":false,"provinceCode":"041000000","regionCode":"040000000","islandGroupCode":"luzon","psgc10DigitCode":"0401014046"},{"code":"041014047","name":"Poblacion Barangay 6","oldName":"","subMunicipalityCode":false,"cityCode":"041014000","municipalityCode":false,"districtCode":false,"provinceCode":"041000000","regionCode":"040000000","islandGroupCode":"luzon","psgc10DigitCode":"0401014047"},{"code":"041014048","name":"Poblacion Barangay 7","oldName":"","subMunicipalityCode":false,"cityCode":"041014000","municipalityCode":false,"districtCode":false,"provinceCode":"041000000","regionCode":"040000000","islandGroupCode":"luzon","psgc10DigitCode":"0401014048"},{"code":"041014049","name":"Poblacion Barangay 8","oldName":"","subMunicipalityCode":false,"cityCode":"041014000","municipalityCode":false,"districtCode":false,"provinceCode":"041000000","regionCode":"040000000","islandGroupCode":"luzon","psgc10DigitCode":"0401014049"},{"code":"041014050","name":"Poblacion Barangay 9","oldName":"","subMunicipalityCode":false,"cityCode":"041014000","municipalityCode":false,"districtCode":false,"provinceCode":"041000000","regionCode":"040000000","islandGroupCode":"luzon","psgc10DigitCode":"0401014050"},{"code":"041014051","name":"Pusil","oldName":"","subMunicipalityCode":false,"cityCode":"041014000","municipalityCode":false,"districtCode":false,"provinceCode":"041000000","regionCode":"040000000","islandGroupCode":"luzon","psgc10DigitCode":"0401014051"},{"code":"041014052","name":"Quezon","oldName":"","subMunicipalityCode":false,"cityCode":"041014000","municipalityCode":false,"districtCode":false,"provinceCode":"041000000","regionCode":"040000000","islandGroupCode":"luzon","psgc10DigitCode":"0401014052"},{"code":"041014053","name":"Rizal","oldName":"","subMunicipalityCode":false,"cityCode":"041014000","municipalityCode":false,"districtCode":false,"provinceCode":"041000000","regionCode":"040000000","islandGroupCode":"luzon","psgc10DigitCode":"0401014053"},{"code":"041014054","name":"Sabang","oldName":"","subMunicipalityCode":false,"cityCode":"041014000","municipalityCode":false,"districtCode":false,"provinceCode":"041000000","regionCode":"040000000","islandGroupCode":"luzon","psgc10DigitCode":"0401014054"},{"code":"041014055","name":"Sampaguita","oldName":"","subMunicipalityCode":false,"cityCode":"041014000","municipalityCode":false,"districtCode":false,"provinceCode":"041000000","regionCode":"040000000","islandGroupCode":"luzon","psgc10DigitCode":"0401014055"},{"code":"041014056","name":"San Benito","oldName":"","subMunicipalityCode":false,"cityCode":"041014000","municipalityCode":false,"districtCode":false,"provinceCode":"041000000","regionCode":"040000000","islandGroupCode":"luzon","psgc10DigitCode":"0401014056"},{"code":"041014057","name":"San Carlos","oldName":"","subMunicipalityCode":false,"cityCode":"041014000","municipalityCode":false,"districtCode":false,"provinceCode":"041000000","regionCode":"040000000","islandGroupCode":"luzon","psgc10DigitCode":"0401014057"},{"code":"041014058","name":"San Celestino","oldName":"","subMunicipalityCode":false,"cityCode":"041014000","municipalityCode":false,"districtCode":false,"provinceCode":"041000000","regionCode":"040000000","islandGroupCode":"luzon","psgc10DigitCode":"0401014058"},{"code":"041014059","name":"San Francisco","oldName":"","subMunicipalityCode":false,"cityCode":"041014000","municipalityCode":false,"districtCode":false,"provinceCode":"041000000","regionCode":"040000000","islandGroupCode":"luzon","psgc10DigitCode":"0401014059"},{"code":"041014060","name":"San Guillermo","oldName":"","subMunicipalityCode":false,"cityCode":"041014000","municipalityCode":false,"districtCode":false,"provinceCode":"041000000","regionCode":"040000000","islandGroupCode":"luzon","psgc10DigitCode":"0401014060"},{"code":"041014061","name":"San Jose","oldName":"","subMunicipalityCode":false,"cityCode":"041014000","municipalityCode":false,"districtCode":false,"provinceCode":"041000000","regionCode":"040000000","islandGroupCode":"luzon","psgc10DigitCode":"0401014061"},{"code":"041014062","name":"San Lucas","oldName":"","subMunicipalityCode":false,"cityCode":"041014000","municipalityCode":false,"districtCode":false,"provinceCode":"041000000","regionCode":"040000000","islandGroupCode":"luzon","psgc10DigitCode":"0401014062"},{"code":"041014063","name":"San Salvador","oldName":"","subMunicipalityCode":false,"cityCode":"041014000","municipalityCode":false,"districtCode":false,"provinceCode":"041000000","regionCode":"040000000","islandGroupCode":"luzon","psgc10DigitCode":"0401014063"},{"code":"041014064","name":"Sapac","oldName":"","subMunicipalityCode":false,"cityCode":"041014000","municipalityCode":false,"districtCode":false,"provinceCode":"041000000","regionCode":"040000000","islandGroupCode":"luzon","psgc10DigitCode":"0401014064"},{"code":"041014066","name":"Sico","oldName":"","subMunicipalityCode":false,"cityCode":"041014000","municipalityCode":false,"districtCode":false,"provinceCode":"041000000","regionCode":"040000000","islandGroupCode":"luzon","psgc10DigitCode":"0401014066"},{"code":"041014068","name":"Santo Niño","oldName":"","subMunicipalityCode":false,"cityCode":"041014000","municipalityCode":false,"districtCode":false,"provinceCode":"041000000","regionCode":"040000000","islandGroupCode":"luzon","psgc10DigitCode":"0401014068"},{"code":"041014069","name":"Santo Toribio","oldName":"","subMunicipalityCode":false,"cityCode":"041014000","municipalityCode":false,"districtCode":false,"provinceCode":"041000000","regionCode":"040000000","islandGroupCode":"luzon","psgc10DigitCode":"0401014069"},{"code":"041014070","name":"Talisay","oldName":"","subMunicipalityCode":false,"cityCode":"041014000","municipalityCode":false,"districtCode":false,"provinceCode":"041000000","regionCode":"040000000","islandGroupCode":"luzon","psgc10DigitCode":"0401014070"},{"code":"041014071","name":"Tambo","oldName":"","subMunicipalityCode":false,"cityCode":"041014000","municipalityCode":false,"districtCode":false,"provinceCode":"041000000","regionCode":"040000000","islandGroupCode":"luzon","psgc10DigitCode":"0401014071"},{"code":"041014072","name":"Tangob","oldName":"","subMunicipalityCode":false,"cityCode":"041014000","municipalityCode":false,"districtCode":false,"provinceCode":"041000000","regionCode":"040000000","islandGroupCode":"luzon","psgc10DigitCode":"0401014072"},{"code":"041014073","name":"Tanguay","oldName":"","subMunicipalityCode":false,"cityCode":"041014000","municipalityCode":false,"districtCode":false,"provinceCode":"041000000","regionCode":"040000000","islandGroupCode":"luzon","psgc10DigitCode":"0401014073"},{"code":"041014074","name":"Tibig","oldName":"","subMunicipalityCode":false,"cityCode":"041014000","municipalityCode":false,"districtCode":false,"provinceCode":"041000000","regionCode":"040000000","islandGroupCode":"luzon","psgc10DigitCode":"0401014074"},{"code":"041014075","name":"Tipacan","oldName":"","subMunicipalityCode":false,"cityCode":"041014000","municipalityCode":false,"districtCode":false,"provinceCode":"041000000","regionCode":"040000000","islandGroupCode":"luzon","psgc10DigitCode":"0401014075"},{"code":"041014076","name":"Poblacion Barangay 9-A","oldName":"","subMunicipalityCode":false,"cityCode":"041014000","municipalityCode":false,"districtCode":false,"provinceCode":"041000000","regionCode":"040000000","islandGroupCode":"luzon","psgc10DigitCode":"0401014076"},{"code":"041014077","name":"Barangay 12 (Pob.)","oldName":"","subMunicipalityCode":false,"cityCode":"041014000","municipalityCode":false,"districtCode":false,"provinceCode":"041000000","regionCode":"040000000","islandGroupCode":"luzon","psgc10DigitCode":"0401014077"}]