[{"code":"023114001","name":"Cabeseria 27","oldName":"Abuan","subMunicipalityCode":false,"cityCode":"023114000","municipalityCode":false,"districtCode":false,"provinceCode":"023100000","regionCode":"020000000","islandGroupCode":"luzon","psgc10DigitCode":"0203114001"},{"code":"023114002","name":"Aggasian","oldName":"","subMunicipalityCode":false,"cityCode":"023114000","municipalityCode":false,"districtCode":false,"provinceCode":"023100000","regionCode":"020000000","islandGroupCode":"luzon","psgc10DigitCode":"0203114002"},{"code":"023114003","name":"Alibagu","oldName":"","subMunicipalityCode":false,"cityCode":"023114000","municipalityCode":false,"districtCode":false,"provinceCode":"023100000","regionCode":"020000000","islandGroupCode":"luzon","psgc10DigitCode":"0203114003"},{"code":"023114004","name":"Allinguigan 1st","oldName":"","subMunicipalityCode":false,"cityCode":"023114000","municipalityCode":false,"districtCode":false,"provinceCode":"023100000","regionCode":"020000000","islandGroupCode":"luzon","psgc10DigitCode":"0203114004"},{"code":"023114005","name":"Allinguigan 2nd","oldName":"","subMunicipalityCode":false,"cityCode":"023114000","municipalityCode":false,"districtCode":false,"provinceCode":"023100000","regionCode":"020000000","islandGroupCode":"luzon","psgc10DigitCode":"0203114005"},{"code":"023114006","name":"Allinguigan 3rd","oldName":"","subMunicipalityCode":false,"cityCode":"023114000","municipalityCode":false,"districtCode":false,"provinceCode":"023100000","regionCode":"020000000","islandGroupCode":"luzon","psgc10DigitCode":"0203114006"},{"code":"023114008","name":"Arusip","oldName":"","subMunicipalityCode":false,"cityCode":"023114000","municipalityCode":false,"districtCode":false,"provinceCode":"023100000","regionCode":"020000000","islandGroupCode":"luzon","psgc10DigitCode":"0203114008"},{"code":"023114009","name":"Baculod (Pob.)","oldName":"","subMunicipalityCode":false,"cityCode":"023114000","municipalityCode":false,"districtCode":false,"provinceCode":"023100000","regionCode":"020000000","islandGroupCode":"luzon","psgc10DigitCode":"0203114009"},{"code":"023114011","name":"Bagumbayan (Pob.)","oldName":"","subMunicipalityCode":false,"cityCode":"023114000","municipalityCode":false,"districtCode":false,"provinceCode":"023100000","regionCode":"020000000","islandGroupCode":"luzon","psgc10DigitCode":"0203114011"},{"code":"023114013","name":"Baligatan","oldName":"","subMunicipalityCode":false,"cityCode":"023114000","municipalityCode":false,"districtCode":false,"provinceCode":"023100000","regionCode":"020000000","islandGroupCode":"luzon","psgc10DigitCode":"0203114013"},{"code":"023114014","name":"Ballacong","oldName":"","subMunicipalityCode":false,"cityCode":"023114000","municipalityCode":false,"districtCode":false,"provinceCode":"023100000","regionCode":"020000000","islandGroupCode":"luzon","psgc10DigitCode":"0203114014"},{"code":"023114015","name":"Bangag","oldName":"","subMunicipalityCode":false,"cityCode":"023114000","municipalityCode":false,"districtCode":false,"provinceCode":"023100000","regionCode":"020000000","islandGroupCode":"luzon","psgc10DigitCode":"0203114015"},{"code":"023114016","name":"Cabeseria 5","oldName":"Baribad","subMunicipalityCode":false,"cityCode":"023114000","municipalityCode":false,"districtCode":false,"provinceCode":"023100000","regionCode":"020000000","islandGroupCode":"luzon","psgc10DigitCode":"0203114016"},{"code":"023114017","name":"Batong-Labang","oldName":"","subMunicipalityCode":false,"cityCode":"023114000","municipalityCode":false,"districtCode":false,"provinceCode":"023100000","regionCode":"020000000","islandGroupCode":"luzon","psgc10DigitCode":"0203114017"},{"code":"023114018","name":"Bigao","oldName":"","subMunicipalityCode":false,"cityCode":"023114000","municipalityCode":false,"districtCode":false,"provinceCode":"023100000","regionCode":"020000000","islandGroupCode":"luzon","psgc10DigitCode":"0203114018"},{"code":"023114020","name":"Cabeseria 4","oldName":"San Manuel","subMunicipalityCode":false,"cityCode":"023114000","municipalityCode":false,"districtCode":false,"provinceCode":"023100000","regionCode":"020000000","islandGroupCode":"luzon","psgc10DigitCode":"0203114020"},{"code":"023114023","name":"Cabannungan 1st","oldName":"","subMunicipalityCode":false,"cityCode":"023114000","municipalityCode":false,"districtCode":false,"provinceCode":"023100000","regionCode":"020000000","islandGroupCode":"luzon","psgc10DigitCode":"0203114023"},{"code":"023114024","name":"Cabannungan 2nd","oldName":"","subMunicipalityCode":false,"cityCode":"023114000","municipalityCode":false,"districtCode":false,"provinceCode":"023100000","regionCode":"020000000","islandGroupCode":"luzon","psgc10DigitCode":"0203114024"},{"code":"023114025","name":"Cabeseria 6 & 24","oldName":"Villa Marcos","subMunicipalityCode":false,"cityCode":"023114000","municipalityCode":false,"districtCode":false,"provinceCode":"023100000","regionCode":"020000000","islandGroupCode":"luzon","psgc10DigitCode":"0203114025"},{"code":"023114027","name":"Cabeseria 19","oldName":"Villa Suerte","subMunicipalityCode":false,"cityCode":"023114000","municipalityCode":false,"districtCode":false,"provinceCode":"023100000","regionCode":"020000000","islandGroupCode":"luzon","psgc10DigitCode":"0203114027"},{"code":"023114029","name":"Cabeseria 25","oldName":"Sta. Lucia","subMunicipalityCode":false,"cityCode":"023114000","municipalityCode":false,"districtCode":false,"provinceCode":"023100000","regionCode":"020000000","islandGroupCode":"luzon","psgc10DigitCode":"0203114029"},{"code":"023114030","name":"Cabeseria 3","oldName":"San Fernando","subMunicipalityCode":false,"cityCode":"023114000","municipalityCode":false,"districtCode":false,"provinceCode":"023100000","regionCode":"020000000","islandGroupCode":"luzon","psgc10DigitCode":"0203114030"},{"code":"023114031","name":"Cabeseria 23","oldName":"San Francisco","subMunicipalityCode":false,"cityCode":"023114000","municipalityCode":false,"districtCode":false,"provinceCode":"023100000","regionCode":"020000000","islandGroupCode":"luzon","psgc10DigitCode":"0203114031"},{"code":"023114032","name":"Cadu","oldName":"","subMunicipalityCode":false,"cityCode":"023114000","municipalityCode":false,"districtCode":false,"provinceCode":"023100000","regionCode":"020000000","islandGroupCode":"luzon","psgc10DigitCode":"0203114032"},{"code":"023114033","name":"Calamagui 1st","oldName":"","subMunicipalityCode":false,"cityCode":"023114000","municipalityCode":false,"districtCode":false,"provinceCode":"023100000","regionCode":"020000000","islandGroupCode":"luzon","psgc10DigitCode":"0203114033"},{"code":"023114034","name":"Calamagui 2nd","oldName":"","subMunicipalityCode":false,"cityCode":"023114000","municipalityCode":false,"districtCode":false,"provinceCode":"023100000","regionCode":"020000000","islandGroupCode":"luzon","psgc10DigitCode":"0203114034"},{"code":"023114035","name":"Camunatan","oldName":"","subMunicipalityCode":false,"cityCode":"023114000","municipalityCode":false,"districtCode":false,"provinceCode":"023100000","regionCode":"020000000","islandGroupCode":"luzon","psgc10DigitCode":"0203114035"},{"code":"023114037","name":"Capellan","oldName":"","subMunicipalityCode":false,"cityCode":"023114000","municipalityCode":false,"districtCode":false,"provinceCode":"023100000","regionCode":"020000000","islandGroupCode":"luzon","psgc10DigitCode":"0203114037"},{"code":"023114038","name":"Capo","oldName":"","subMunicipalityCode":false,"cityCode":"023114000","municipalityCode":false,"districtCode":false,"provinceCode":"023100000","regionCode":"020000000","islandGroupCode":"luzon","psgc10DigitCode":"0203114038"},{"code":"023114039","name":"Cabeseria 9 and 11","oldName":"Capogotan","subMunicipalityCode":false,"cityCode":"023114000","municipalityCode":false,"districtCode":false,"provinceCode":"023100000","regionCode":"020000000","islandGroupCode":"luzon","psgc10DigitCode":"0203114039"},{"code":"023114040","name":"Carikkikan Norte","oldName":"","subMunicipalityCode":false,"cityCode":"023114000","municipalityCode":false,"districtCode":false,"provinceCode":"023100000","regionCode":"020000000","islandGroupCode":"luzon","psgc10DigitCode":"0203114040"},{"code":"023114041","name":"Carikkikan Sur","oldName":"","subMunicipalityCode":false,"cityCode":"023114000","municipalityCode":false,"districtCode":false,"provinceCode":"023100000","regionCode":"020000000","islandGroupCode":"luzon","psgc10DigitCode":"0203114041"},{"code":"023114042","name":"Cabeseria 14 and 16","oldName":"Casilagan","subMunicipalityCode":false,"cityCode":"023114000","municipalityCode":false,"districtCode":false,"provinceCode":"023100000","regionCode":"020000000","islandGroupCode":"luzon","psgc10DigitCode":"0203114042"},{"code":"023114044","name":"Cabeseria 2","oldName":"Dappat","subMunicipalityCode":false,"cityCode":"023114000","municipalityCode":false,"districtCode":false,"provinceCode":"023100000","regionCode":"020000000","islandGroupCode":"luzon","psgc10DigitCode":"0203114044"},{"code":"023114045","name":"Fugu","oldName":"","subMunicipalityCode":false,"cityCode":"023114000","municipalityCode":false,"districtCode":false,"provinceCode":"023100000","regionCode":"020000000","islandGroupCode":"luzon","psgc10DigitCode":"0203114045"},{"code":"023114046","name":"Fuyo","oldName":"","subMunicipalityCode":false,"cityCode":"023114000","municipalityCode":false,"districtCode":false,"provinceCode":"023100000","regionCode":"020000000","islandGroupCode":"luzon","psgc10DigitCode":"0203114046"},{"code":"023114047","name":"Gayong-Gayong Norte","oldName":"","subMunicipalityCode":false,"cityCode":"023114000","municipalityCode":false,"districtCode":false,"provinceCode":"023100000","regionCode":"020000000","islandGroupCode":"luzon","psgc10DigitCode":"0203114047"},{"code":"023114048","name":"Gayong-Gayong Sur","oldName":"","subMunicipalityCode":false,"cityCode":"023114000","municipalityCode":false,"districtCode":false,"provinceCode":"023100000","regionCode":"020000000","islandGroupCode":"luzon","psgc10DigitCode":"0203114048"},{"code":"023114049","name":"Guinatan","oldName":"","subMunicipalityCode":false,"cityCode":"023114000","municipalityCode":false,"districtCode":false,"provinceCode":"023100000","regionCode":"020000000","islandGroupCode":"luzon","psgc10DigitCode":"0203114049"},{"code":"023114050","name":"Lullutan","oldName":"","subMunicipalityCode":false,"cityCode":"023114000","municipalityCode":false,"districtCode":false,"provinceCode":"023100000","regionCode":"020000000","islandGroupCode":"luzon","psgc10DigitCode":"0203114050"},{"code":"023114051","name":"Cabeseria 10","oldName":"Lapigui","subMunicipalityCode":false,"cityCode":"023114000","municipalityCode":false,"districtCode":false,"provinceCode":"023100000","regionCode":"020000000","islandGroupCode":"luzon","psgc10DigitCode":"0203114051"},{"code":"023114052","name":"Malalam","oldName":"","subMunicipalityCode":false,"cityCode":"023114000","municipalityCode":false,"districtCode":false,"provinceCode":"023100000","regionCode":"020000000","islandGroupCode":"luzon","psgc10DigitCode":"0203114052"},{"code":"023114053","name":"Malasin","oldName":"Angeles","subMunicipalityCode":false,"cityCode":"023114000","municipalityCode":false,"districtCode":false,"provinceCode":"023100000","regionCode":"020000000","islandGroupCode":"luzon","psgc10DigitCode":"0203114053"},{"code":"023114054","name":"Manaring","oldName":"","subMunicipalityCode":false,"cityCode":"023114000","municipalityCode":false,"districtCode":false,"provinceCode":"023100000","regionCode":"020000000","islandGroupCode":"luzon","psgc10DigitCode":"0203114054"},{"code":"023114055","name":"Mangcuram","oldName":"","subMunicipalityCode":false,"cityCode":"023114000","municipalityCode":false,"districtCode":false,"provinceCode":"023100000","regionCode":"020000000","islandGroupCode":"luzon","psgc10DigitCode":"0203114055"},{"code":"023114056","name":"Villa Imelda","oldName":"Maplas","subMunicipalityCode":false,"cityCode":"023114000","municipalityCode":false,"districtCode":false,"provinceCode":"023100000","regionCode":"020000000","islandGroupCode":"luzon","psgc10DigitCode":"0203114056"},{"code":"023114057","name":"Marana I","oldName":"","subMunicipalityCode":false,"cityCode":"023114000","municipalityCode":false,"districtCode":false,"provinceCode":"023100000","regionCode":"020000000","islandGroupCode":"luzon","psgc10DigitCode":"0203114057"},{"code":"023114058","name":"Marana II","oldName":"","subMunicipalityCode":false,"cityCode":"023114000","municipalityCode":false,"districtCode":false,"provinceCode":"023100000","regionCode":"020000000","islandGroupCode":"luzon","psgc10DigitCode":"0203114058"},{"code":"023114059","name":"Marana III","oldName":"","subMunicipalityCode":false,"cityCode":"023114000","municipalityCode":false,"districtCode":false,"provinceCode":"023100000","regionCode":"020000000","islandGroupCode":"luzon","psgc10DigitCode":"0203114059"},{"code":"023114060","name":"Minabang","oldName":"","subMunicipalityCode":false,"cityCode":"023114000","municipalityCode":false,"districtCode":false,"provinceCode":"023100000","regionCode":"020000000","islandGroupCode":"luzon","psgc10DigitCode":"0203114060"},{"code":"023114061","name":"Morado","oldName":"","subMunicipalityCode":false,"cityCode":"023114000","municipalityCode":false,"districtCode":false,"provinceCode":"023100000","regionCode":"020000000","islandGroupCode":"luzon","psgc10DigitCode":"0203114061"},{"code":"023114062","name":"Naguilian Norte","oldName":"","subMunicipalityCode":false,"cityCode":"023114000","municipalityCode":false,"districtCode":false,"provinceCode":"023100000","regionCode":"020000000","islandGroupCode":"luzon","psgc10DigitCode":"0203114062"},{"code":"023114063","name":"Naguilian Sur","oldName":"","subMunicipalityCode":false,"cityCode":"023114000","municipalityCode":false,"districtCode":false,"provinceCode":"023100000","regionCode":"020000000","islandGroupCode":"luzon","psgc10DigitCode":"0203114063"},{"code":"023114064","name":"Namnama","oldName":"","subMunicipalityCode":false,"cityCode":"023114000","municipalityCode":false,"districtCode":false,"provinceCode":"023100000","regionCode":"020000000","islandGroupCode":"luzon","psgc10DigitCode":"0203114064"},{"code":"023114065","name":"Nanaguan","oldName":"","subMunicipalityCode":false,"cityCode":"023114000","municipalityCode":false,"districtCode":false,"provinceCode":"023100000","regionCode":"020000000","islandGroupCode":"luzon","psgc10DigitCode":"0203114065"},{"code":"023114066","name":"Cabeseria 7","oldName":"Nangalisan","subMunicipalityCode":false,"cityCode":"023114000","municipalityCode":false,"districtCode":false,"provinceCode":"023100000","regionCode":"020000000","islandGroupCode":"luzon","psgc10DigitCode":"0203114066"},{"code":"023114067","name":"Osmeña","oldName":"Sinippil","subMunicipalityCode":false,"cityCode":"023114000","municipalityCode":false,"districtCode":false,"provinceCode":"023100000","regionCode":"020000000","islandGroupCode":"luzon","psgc10DigitCode":"0203114067"},{"code":"023114068","name":"Paliueg","oldName":"","subMunicipalityCode":false,"cityCode":"023114000","municipalityCode":false,"districtCode":false,"provinceCode":"023100000","regionCode":"020000000","islandGroupCode":"luzon","psgc10DigitCode":"0203114068"},{"code":"023114070","name":"Pasa","oldName":"","subMunicipalityCode":false,"cityCode":"023114000","municipalityCode":false,"districtCode":false,"provinceCode":"023100000","regionCode":"020000000","islandGroupCode":"luzon","psgc10DigitCode":"0203114070"},{"code":"023114071","name":"Pilar","oldName":"","subMunicipalityCode":false,"cityCode":"023114000","municipalityCode":false,"districtCode":false,"provinceCode":"023100000","regionCode":"020000000","islandGroupCode":"luzon","psgc10DigitCode":"0203114071"},{"code":"023114072","name":"Quimalabasa","oldName":"","subMunicipalityCode":false,"cityCode":"023114000","municipalityCode":false,"districtCode":false,"provinceCode":"023100000","regionCode":"020000000","islandGroupCode":"luzon","psgc10DigitCode":"0203114072"},{"code":"023114073","name":"Rang-ayan","oldName":"Bintacan","subMunicipalityCode":false,"cityCode":"023114000","municipalityCode":false,"districtCode":false,"provinceCode":"023100000","regionCode":"020000000","islandGroupCode":"luzon","psgc10DigitCode":"0203114073"},{"code":"023114074","name":"Rugao","oldName":"","subMunicipalityCode":false,"cityCode":"023114000","municipalityCode":false,"districtCode":false,"provinceCode":"023100000","regionCode":"020000000","islandGroupCode":"luzon","psgc10DigitCode":"0203114074"},{"code":"023114075","name":"Cabeseria 22","oldName":"Sablang","subMunicipalityCode":false,"cityCode":"023114000","municipalityCode":false,"districtCode":false,"provinceCode":"023100000","regionCode":"020000000","islandGroupCode":"luzon","psgc10DigitCode":"0203114075"},{"code":"023114076","name":"Salindingan","oldName":"","subMunicipalityCode":false,"cityCode":"023114000","municipalityCode":false,"districtCode":false,"provinceCode":"023100000","regionCode":"020000000","islandGroupCode":"luzon","psgc10DigitCode":"0203114076"},{"code":"023114077","name":"San Andres","oldName":"Angarilla","subMunicipalityCode":false,"cityCode":"023114000","municipalityCode":false,"districtCode":false,"provinceCode":"023100000","regionCode":"020000000","islandGroupCode":"luzon","psgc10DigitCode":"0203114077"},{"code":"023114079","name":"Centro - San Antonio","oldName":"","subMunicipalityCode":false,"cityCode":"023114000","municipalityCode":false,"districtCode":false,"provinceCode":"023100000","regionCode":"020000000","islandGroupCode":"luzon","psgc10DigitCode":"0203114079"},{"code":"023114080","name":"San Felipe","oldName":"","subMunicipalityCode":false,"cityCode":"023114000","municipalityCode":false,"districtCode":false,"provinceCode":"023100000","regionCode":"020000000","islandGroupCode":"luzon","psgc10DigitCode":"0203114080"},{"code":"023114081","name":"San Ignacio","oldName":"Canapi","subMunicipalityCode":false,"cityCode":"023114000","municipalityCode":false,"districtCode":false,"provinceCode":"023100000","regionCode":"020000000","islandGroupCode":"luzon","psgc10DigitCode":"0203114081"},{"code":"023114082","name":"San Isidro","oldName":"","subMunicipalityCode":false,"cityCode":"023114000","municipalityCode":false,"districtCode":false,"provinceCode":"023100000","regionCode":"020000000","islandGroupCode":"luzon","psgc10DigitCode":"0203114082"},{"code":"023114083","name":"San Juan","oldName":"","subMunicipalityCode":false,"cityCode":"023114000","municipalityCode":false,"districtCode":false,"provinceCode":"023100000","regionCode":"020000000","islandGroupCode":"luzon","psgc10DigitCode":"0203114083"},{"code":"023114084","name":"San Lorenzo","oldName":"","subMunicipalityCode":false,"cityCode":"023114000","municipalityCode":false,"districtCode":false,"provinceCode":"023100000","regionCode":"020000000","islandGroupCode":"luzon","psgc10DigitCode":"0203114084"},{"code":"023114085","name":"San Pablo","oldName":"","subMunicipalityCode":false,"cityCode":"023114000","municipalityCode":false,"districtCode":false,"provinceCode":"023100000","regionCode":"020000000","islandGroupCode":"luzon","psgc10DigitCode":"0203114085"},{"code":"023114086","name":"Cabeseria 17 and 21","oldName":"San Rafael","subMunicipalityCode":false,"cityCode":"023114000","municipalityCode":false,"districtCode":false,"provinceCode":"023100000","regionCode":"020000000","islandGroupCode":"luzon","psgc10DigitCode":"0203114086"},{"code":"023114087","name":"San Vicente (Pob.)","oldName":"","subMunicipalityCode":false,"cityCode":"023114000","municipalityCode":false,"districtCode":false,"provinceCode":"023100000","regionCode":"020000000","islandGroupCode":"luzon","psgc10DigitCode":"0203114087"},{"code":"023114088","name":"Santa Barbara (Pob.)","oldName":"","subMunicipalityCode":false,"cityCode":"023114000","municipalityCode":false,"districtCode":false,"provinceCode":"023100000","regionCode":"020000000","islandGroupCode":"luzon","psgc10DigitCode":"0203114088"},{"code":"023114089","name":"Santa Catalina","oldName":"","subMunicipalityCode":false,"cityCode":"023114000","municipalityCode":false,"districtCode":false,"provinceCode":"023100000","regionCode":"020000000","islandGroupCode":"luzon","psgc10DigitCode":"0203114089"},{"code":"023114091","name":"Santa Isabel Norte","oldName":"","subMunicipalityCode":false,"cityCode":"023114000","municipalityCode":false,"districtCode":false,"provinceCode":"023100000","regionCode":"020000000","islandGroupCode":"luzon","psgc10DigitCode":"0203114091"},{"code":"023114092","name":"Santa Isabel Sur","oldName":"","subMunicipalityCode":false,"cityCode":"023114000","municipalityCode":false,"districtCode":false,"provinceCode":"023100000","regionCode":"020000000","islandGroupCode":"luzon","psgc10DigitCode":"0203114092"},{"code":"023114093","name":"Santa Victoria","oldName":"","subMunicipalityCode":false,"cityCode":"023114000","municipalityCode":false,"districtCode":false,"provinceCode":"023100000","regionCode":"020000000","islandGroupCode":"luzon","psgc10DigitCode":"0203114093"},{"code":"023114094","name":"Santo Tomas","oldName":"","subMunicipalityCode":false,"cityCode":"023114000","municipalityCode":false,"districtCode":false,"provinceCode":"023100000","regionCode":"020000000","islandGroupCode":"luzon","psgc10DigitCode":"0203114094"},{"code":"023114095","name":"Siffu","oldName":"","subMunicipalityCode":false,"cityCode":"023114000","municipalityCode":false,"districtCode":false,"provinceCode":"023100000","regionCode":"020000000","islandGroupCode":"luzon","psgc10DigitCode":"0203114095"},{"code":"023114096","name":"Sindon Bayabo","oldName":"","subMunicipalityCode":false,"cityCode":"023114000","municipalityCode":false,"districtCode":false,"provinceCode":"023100000","regionCode":"020000000","islandGroupCode":"luzon","psgc10DigitCode":"0203114096"},{"code":"023114097","name":"Sindon Maride","oldName":"","subMunicipalityCode":false,"cityCode":"023114000","municipalityCode":false,"districtCode":false,"provinceCode":"023100000","regionCode":"020000000","islandGroupCode":"luzon","psgc10DigitCode":"0203114097"},{"code":"023114098","name":"Sipay","oldName":"","subMunicipalityCode":false,"cityCode":"023114000","municipalityCode":false,"districtCode":false,"provinceCode":"023100000","regionCode":"020000000","islandGroupCode":"luzon","psgc10DigitCode":"0203114098"},{"code":"023114099","name":"Tangcul","oldName":"","subMunicipalityCode":false,"cityCode":"023114000","municipalityCode":false,"districtCode":false,"provinceCode":"023100000","regionCode":"020000000","islandGroupCode":"luzon","psgc10DigitCode":"0203114099"},{"code":"023114100","name":"Centro Poblacion","oldName":"","subMunicipalityCode":false,"cityCode":"023114000","municipalityCode":false,"districtCode":false,"provinceCode":"023100000","regionCode":"020000000","islandGroupCode":"luzon","psgc10DigitCode":"0203114100"},{"code":"023114101","name":"Bagong Silang","oldName":"","subMunicipalityCode":false,"cityCode":"023114000","municipalityCode":false,"districtCode":false,"provinceCode":"023100000","regionCode":"020000000","islandGroupCode":"luzon","psgc10DigitCode":"0203114101"},{"code":"023114102","name":"Imelda Bliss Village","oldName":"","subMunicipalityCode":false,"cityCode":"023114000","municipalityCode":false,"districtCode":false,"provinceCode":"023100000","regionCode":"020000000","islandGroupCode":"luzon","psgc10DigitCode":"0203114102"},{"code":"023114103","name":"San Rodrigo","oldName":"","subMunicipalityCode":false,"cityCode":"023114000","municipalityCode":false,"districtCode":false,"provinceCode":"023100000","regionCode":"020000000","islandGroupCode":"luzon","psgc10DigitCode":"0203114103"},{"code":"023114104","name":"Santa Maria","oldName":"Cabeseria 8","subMunicipalityCode":false,"cityCode":"023114000","municipalityCode":false,"districtCode":false,"provinceCode":"023100000","regionCode":"020000000","islandGroupCode":"luzon","psgc10DigitCode":"0203114104"}]