[{"code":"023137001","name":"Annafunan","oldName":"","subMunicipalityCode":false,"cityCode":false,"municipalityCode":"023137000","districtCode":false,"provinceCode":"023100000","regionCode":"020000000","islandGroupCode":"luzon","psgc10DigitCode":"0203137001"},{"code":"023137002","name":"Antagan I","oldName":"","subMunicipalityCode":false,"cityCode":false,"municipalityCode":"023137000","districtCode":false,"provinceCode":"023100000","regionCode":"020000000","islandGroupCode":"luzon","psgc10DigitCode":"0203137002"},{"code":"023137003","name":"Antagan II","oldName":"","subMunicipalityCode":false,"cityCode":false,"municipalityCode":"023137000","districtCode":false,"provinceCode":"023100000","regionCode":"020000000","islandGroupCode":"luzon","psgc10DigitCode":"0203137003"},{"code":"023137005","name":"Arcon","oldName":"","subMunicipalityCode":false,"cityCode":false,"municipalityCode":"023137000","districtCode":false,"provinceCode":"023100000","regionCode":"020000000","islandGroupCode":"luzon","psgc10DigitCode":"0203137005"},{"code":"023137007","name":"Balug","oldName":"","subMunicipalityCode":false,"cityCode":false,"municipalityCode":"023137000","districtCode":false,"provinceCode":"023100000","regionCode":"020000000","islandGroupCode":"luzon","psgc10DigitCode":"0203137007"},{"code":"023137008","name":"Banig","oldName":"","subMunicipalityCode":false,"cityCode":false,"municipalityCode":"023137000","districtCode":false,"provinceCode":"023100000","regionCode":"020000000","islandGroupCode":"luzon","psgc10DigitCode":"0203137008"},{"code":"023137009","name":"Bantug","oldName":"","subMunicipalityCode":false,"cityCode":false,"municipalityCode":"023137000","districtCode":false,"provinceCode":"023100000","regionCode":"020000000","islandGroupCode":"luzon","psgc10DigitCode":"0203137009"},{"code":"023137010","name":"Bayabo East","oldName":"","subMunicipalityCode":false,"cityCode":false,"municipalityCode":"023137000","districtCode":false,"provinceCode":"023100000","regionCode":"020000000","islandGroupCode":"luzon","psgc10DigitCode":"0203137010"},{"code":"023137012","name":"Caligayan","oldName":"","subMunicipalityCode":false,"cityCode":false,"municipalityCode":"023137000","districtCode":false,"provinceCode":"023100000","regionCode":"020000000","islandGroupCode":"luzon","psgc10DigitCode":"0203137012"},{"code":"023137013","name":"Camasi","oldName":"","subMunicipalityCode":false,"cityCode":false,"municipalityCode":"023137000","districtCode":false,"provinceCode":"023100000","regionCode":"020000000","islandGroupCode":"luzon","psgc10DigitCode":"0203137013"},{"code":"023137014","name":"Carpentero","oldName":"","subMunicipalityCode":false,"cityCode":false,"municipalityCode":"023137000","districtCode":false,"provinceCode":"023100000","regionCode":"020000000","islandGroupCode":"luzon","psgc10DigitCode":"0203137014"},{"code":"023137015","name":"Compania","oldName":"","subMunicipalityCode":false,"cityCode":false,"municipalityCode":"023137000","districtCode":false,"provinceCode":"023100000","regionCode":"020000000","islandGroupCode":"luzon","psgc10DigitCode":"0203137015"},{"code":"023137016","name":"Cumabao","oldName":"","subMunicipalityCode":false,"cityCode":false,"municipalityCode":"023137000","districtCode":false,"provinceCode":"023100000","regionCode":"020000000","islandGroupCode":"luzon","psgc10DigitCode":"0203137016"},{"code":"023137018","name":"Fugu Abajo","oldName":"","subMunicipalityCode":false,"cityCode":false,"municipalityCode":"023137000","districtCode":false,"provinceCode":"023100000","regionCode":"020000000","islandGroupCode":"luzon","psgc10DigitCode":"0203137018"},{"code":"023137019","name":"Fugu Norte","oldName":"","subMunicipalityCode":false,"cityCode":false,"municipalityCode":"023137000","districtCode":false,"provinceCode":"023100000","regionCode":"020000000","islandGroupCode":"luzon","psgc10DigitCode":"0203137019"},{"code":"023137020","name":"Fugu Sur","oldName":"","subMunicipalityCode":false,"cityCode":false,"municipalityCode":"023137000","districtCode":false,"provinceCode":"023100000","regionCode":"020000000","islandGroupCode":"luzon","psgc10DigitCode":"0203137020"},{"code":"023137021","name":"Fermeldy","oldName":"Hcda. San Francisco","subMunicipalityCode":false,"cityCode":false,"municipalityCode":"023137000","districtCode":false,"provinceCode":"023100000","regionCode":"020000000","islandGroupCode":"luzon","psgc10DigitCode":"0203137021"},{"code":"023137022","name":"Lalauanan","oldName":"","subMunicipalityCode":false,"cityCode":false,"municipalityCode":"023137000","districtCode":false,"provinceCode":"023100000","regionCode":"020000000","islandGroupCode":"luzon","psgc10DigitCode":"0203137022"},{"code":"023137023","name":"Lanna","oldName":"","subMunicipalityCode":false,"cityCode":false,"municipalityCode":"023137000","districtCode":false,"provinceCode":"023100000","regionCode":"020000000","islandGroupCode":"luzon","psgc10DigitCode":"0203137023"},{"code":"023137024","name":"Lapogan","oldName":"","subMunicipalityCode":false,"cityCode":false,"municipalityCode":"023137000","districtCode":false,"provinceCode":"023100000","regionCode":"020000000","islandGroupCode":"luzon","psgc10DigitCode":"0203137024"},{"code":"023137025","name":"Lingaling","oldName":"","subMunicipalityCode":false,"cityCode":false,"municipalityCode":"023137000","districtCode":false,"provinceCode":"023100000","regionCode":"020000000","islandGroupCode":"luzon","psgc10DigitCode":"0203137025"},{"code":"023137026","name":"Liwanag","oldName":"","subMunicipalityCode":false,"cityCode":false,"municipalityCode":"023137000","districtCode":false,"provinceCode":"023100000","regionCode":"020000000","islandGroupCode":"luzon","psgc10DigitCode":"0203137026"},{"code":"023137027","name":"Santa Visitacion","oldName":"Maggayu","subMunicipalityCode":false,"cityCode":false,"municipalityCode":"023137000","districtCode":false,"provinceCode":"023100000","regionCode":"020000000","islandGroupCode":"luzon","psgc10DigitCode":"0203137027"},{"code":"023137029","name":"Malamag East","oldName":"","subMunicipalityCode":false,"cityCode":false,"municipalityCode":"023137000","districtCode":false,"provinceCode":"023100000","regionCode":"020000000","islandGroupCode":"luzon","psgc10DigitCode":"0203137029"},{"code":"023137030","name":"Malamag West","oldName":"","subMunicipalityCode":false,"cityCode":false,"municipalityCode":"023137000","districtCode":false,"provinceCode":"023100000","regionCode":"020000000","islandGroupCode":"luzon","psgc10DigitCode":"0203137030"},{"code":"023137031","name":"Maligaya","oldName":"","subMunicipalityCode":false,"cityCode":false,"municipalityCode":"023137000","districtCode":false,"provinceCode":"023100000","regionCode":"020000000","islandGroupCode":"luzon","psgc10DigitCode":"0203137031"},{"code":"023137032","name":"Minanga","oldName":"","subMunicipalityCode":false,"cityCode":false,"municipalityCode":"023137000","districtCode":false,"provinceCode":"023100000","regionCode":"020000000","islandGroupCode":"luzon","psgc10DigitCode":"0203137032"},{"code":"023137033","name":"Namnama","oldName":"","subMunicipalityCode":false,"cityCode":false,"municipalityCode":"023137000","districtCode":false,"provinceCode":"023100000","regionCode":"020000000","islandGroupCode":"luzon","psgc10DigitCode":"0203137033"},{"code":"023137035","name":"Paragu","oldName":"","subMunicipalityCode":false,"cityCode":false,"municipalityCode":"023137000","districtCode":false,"provinceCode":"023100000","regionCode":"020000000","islandGroupCode":"luzon","psgc10DigitCode":"0203137035"},{"code":"023137036","name":"Pilitan","oldName":"","subMunicipalityCode":false,"cityCode":false,"municipalityCode":"023137000","districtCode":false,"provinceCode":"023100000","regionCode":"020000000","islandGroupCode":"luzon","psgc10DigitCode":"0203137036"},{"code":"023137037","name":"Barangay District 1 (Pob.)","oldName":"","subMunicipalityCode":false,"cityCode":false,"municipalityCode":"023137000","districtCode":false,"provinceCode":"023100000","regionCode":"020000000","islandGroupCode":"luzon","psgc10DigitCode":"0203137037"},{"code":"023137038","name":"Barangay District 2 (Pob.)","oldName":"","subMunicipalityCode":false,"cityCode":false,"municipalityCode":"023137000","districtCode":false,"provinceCode":"023100000","regionCode":"020000000","islandGroupCode":"luzon","psgc10DigitCode":"0203137038"},{"code":"023137039","name":"Barangay District 3 (Pob.)","oldName":"","subMunicipalityCode":false,"cityCode":false,"municipalityCode":"023137000","districtCode":false,"provinceCode":"023100000","regionCode":"020000000","islandGroupCode":"luzon","psgc10DigitCode":"0203137039"},{"code":"023137040","name":"Barangay District 4 (Pob.)","oldName":"","subMunicipalityCode":false,"cityCode":false,"municipalityCode":"023137000","districtCode":false,"provinceCode":"023100000","regionCode":"020000000","islandGroupCode":"luzon","psgc10DigitCode":"0203137040"},{"code":"023137041","name":"San Mateo","oldName":"","subMunicipalityCode":false,"cityCode":false,"municipalityCode":"023137000","districtCode":false,"provinceCode":"023100000","regionCode":"020000000","islandGroupCode":"luzon","psgc10DigitCode":"0203137041"},{"code":"023137042","name":"San Pedro","oldName":"","subMunicipalityCode":false,"cityCode":false,"municipalityCode":"023137000","districtCode":false,"provinceCode":"023100000","regionCode":"020000000","islandGroupCode":"luzon","psgc10DigitCode":"0203137042"},{"code":"023137044","name":"San Vicente","oldName":"","subMunicipalityCode":false,"cityCode":false,"municipalityCode":"023137000","districtCode":false,"provinceCode":"023100000","regionCode":"020000000","islandGroupCode":"luzon","psgc10DigitCode":"0203137044"},{"code":"023137045","name":"Santa","oldName":"","subMunicipalityCode":false,"cityCode":false,"municipalityCode":"023137000","districtCode":false,"provinceCode":"023100000","regionCode":"020000000","islandGroupCode":"luzon","psgc10DigitCode":"0203137045"},{"code":"023137046","name":"Santa Catalina","oldName":"","subMunicipalityCode":false,"cityCode":false,"municipalityCode":"023137000","districtCode":false,"provinceCode":"023100000","regionCode":"020000000","islandGroupCode":"luzon","psgc10DigitCode":"0203137046"},{"code":"023137047","name":"Santo Niño","oldName":"","subMunicipalityCode":false,"cityCode":false,"municipalityCode":"023137000","districtCode":false,"provinceCode":"023100000","regionCode":"020000000","islandGroupCode":"luzon","psgc10DigitCode":"0203137047"},{"code":"023137048","name":"Sinippil","oldName":"","subMunicipalityCode":false,"cityCode":false,"municipalityCode":"023137000","districtCode":false,"provinceCode":"023100000","regionCode":"020000000","islandGroupCode":"luzon","psgc10DigitCode":"0203137048"},{"code":"023137050","name":"Sisim Abajo","oldName":"","subMunicipalityCode":false,"cityCode":false,"municipalityCode":"023137000","districtCode":false,"provinceCode":"023100000","regionCode":"020000000","islandGroupCode":"luzon","psgc10DigitCode":"0203137050"},{"code":"023137051","name":"Sisim Alto","oldName":"","subMunicipalityCode":false,"cityCode":false,"municipalityCode":"023137000","districtCode":false,"provinceCode":"023100000","regionCode":"020000000","islandGroupCode":"luzon","psgc10DigitCode":"0203137051"},{"code":"023137053","name":"Tunggui","oldName":"","subMunicipalityCode":false,"cityCode":false,"municipalityCode":"023137000","districtCode":false,"provinceCode":"023100000","regionCode":"020000000","islandGroupCode":"luzon","psgc10DigitCode":"0203137053"},{"code":"023137054","name":"Ugad","oldName":"","subMunicipalityCode":false,"cityCode":false,"municipalityCode":"023137000","districtCode":false,"provinceCode":"023100000","regionCode":"020000000","islandGroupCode":"luzon","psgc10DigitCode":"0203137054"},{"code":"023137055","name":"Moldero","oldName":"","subMunicipalityCode":false,"cityCode":false,"municipalityCode":"023137000","districtCode":false,"provinceCode":"023100000","regionCode":"020000000","islandGroupCode":"luzon","psgc10DigitCode":"0203137055"}]