[{"code":"015532001","name":"Abanon","oldName":"","subMunicipalityCode":false,"cityCode":"015532000","municipalityCode":false,"districtCode":false,"provinceCode":"015500000","regionCode":"010000000","islandGroupCode":"luzon","psgc10DigitCode":"0105532001"},{"code":"015532002","name":"Agdao","oldName":"","subMunicipalityCode":false,"cityCode":"015532000","municipalityCode":false,"districtCode":false,"provinceCode":"015500000","regionCode":"010000000","islandGroupCode":"luzon","psgc10DigitCode":"0105532002"},{"code":"015532003","name":"Anando","oldName":"","subMunicipalityCode":false,"cityCode":"015532000","municipalityCode":false,"districtCode":false,"provinceCode":"015500000","regionCode":"010000000","islandGroupCode":"luzon","psgc10DigitCode":"0105532003"},{"code":"015532004","name":"Ano","oldName":"","subMunicipalityCode":false,"cityCode":"015532000","municipalityCode":false,"districtCode":false,"provinceCode":"015500000","regionCode":"010000000","islandGroupCode":"luzon","psgc10DigitCode":"0105532004"},{"code":"015532005","name":"Antipangol","oldName":"","subMunicipalityCode":false,"cityCode":"015532000","municipalityCode":false,"districtCode":false,"provinceCode":"015500000","regionCode":"010000000","islandGroupCode":"luzon","psgc10DigitCode":"0105532005"},{"code":"015532006","name":"Aponit","oldName":"","subMunicipalityCode":false,"cityCode":"015532000","municipalityCode":false,"districtCode":false,"provinceCode":"015500000","regionCode":"010000000","islandGroupCode":"luzon","psgc10DigitCode":"0105532006"},{"code":"015532007","name":"Bacnar","oldName":"","subMunicipalityCode":false,"cityCode":"015532000","municipalityCode":false,"districtCode":false,"provinceCode":"015500000","regionCode":"010000000","islandGroupCode":"luzon","psgc10DigitCode":"0105532007"},{"code":"015532008","name":"Balaya","oldName":"","subMunicipalityCode":false,"cityCode":"015532000","municipalityCode":false,"districtCode":false,"provinceCode":"015500000","regionCode":"010000000","islandGroupCode":"luzon","psgc10DigitCode":"0105532008"},{"code":"015532009","name":"Balayong","oldName":"","subMunicipalityCode":false,"cityCode":"015532000","municipalityCode":false,"districtCode":false,"provinceCode":"015500000","regionCode":"010000000","islandGroupCode":"luzon","psgc10DigitCode":"0105532009"},{"code":"015532010","name":"Baldog","oldName":"","subMunicipalityCode":false,"cityCode":"015532000","municipalityCode":false,"districtCode":false,"provinceCode":"015500000","regionCode":"010000000","islandGroupCode":"luzon","psgc10DigitCode":"0105532010"},{"code":"015532011","name":"Balite Sur","oldName":"","subMunicipalityCode":false,"cityCode":"015532000","municipalityCode":false,"districtCode":false,"provinceCode":"015500000","regionCode":"010000000","islandGroupCode":"luzon","psgc10DigitCode":"0105532011"},{"code":"015532012","name":"Balococ","oldName":"","subMunicipalityCode":false,"cityCode":"015532000","municipalityCode":false,"districtCode":false,"provinceCode":"015500000","regionCode":"010000000","islandGroupCode":"luzon","psgc10DigitCode":"0105532012"},{"code":"015532013","name":"Bani","oldName":"","subMunicipalityCode":false,"cityCode":"015532000","municipalityCode":false,"districtCode":false,"provinceCode":"015500000","regionCode":"010000000","islandGroupCode":"luzon","psgc10DigitCode":"0105532013"},{"code":"015532014","name":"Bega","oldName":"","subMunicipalityCode":false,"cityCode":"015532000","municipalityCode":false,"districtCode":false,"provinceCode":"015500000","regionCode":"010000000","islandGroupCode":"luzon","psgc10DigitCode":"0105532014"},{"code":"015532015","name":"Bocboc","oldName":"","subMunicipalityCode":false,"cityCode":"015532000","municipalityCode":false,"districtCode":false,"provinceCode":"015500000","regionCode":"010000000","islandGroupCode":"luzon","psgc10DigitCode":"0105532015"},{"code":"015532016","name":"Bugallon-Posadas Street (Pob.)","oldName":"","subMunicipalityCode":false,"cityCode":"015532000","municipalityCode":false,"districtCode":false,"provinceCode":"015500000","regionCode":"010000000","islandGroupCode":"luzon","psgc10DigitCode":"0105532016"},{"code":"015532017","name":"Bogaoan","oldName":"","subMunicipalityCode":false,"cityCode":"015532000","municipalityCode":false,"districtCode":false,"provinceCode":"015500000","regionCode":"010000000","islandGroupCode":"luzon","psgc10DigitCode":"0105532017"},{"code":"015532018","name":"Bolingit","oldName":"","subMunicipalityCode":false,"cityCode":"015532000","municipalityCode":false,"districtCode":false,"provinceCode":"015500000","regionCode":"010000000","islandGroupCode":"luzon","psgc10DigitCode":"0105532018"},{"code":"015532019","name":"Bolosan","oldName":"","subMunicipalityCode":false,"cityCode":"015532000","municipalityCode":false,"districtCode":false,"provinceCode":"015500000","regionCode":"010000000","islandGroupCode":"luzon","psgc10DigitCode":"0105532019"},{"code":"015532020","name":"Bonifacio (Pob.)","oldName":"","subMunicipalityCode":false,"cityCode":"015532000","municipalityCode":false,"districtCode":false,"provinceCode":"015500000","regionCode":"010000000","islandGroupCode":"luzon","psgc10DigitCode":"0105532020"},{"code":"015532021","name":"Buenglat","oldName":"","subMunicipalityCode":false,"cityCode":"015532000","municipalityCode":false,"districtCode":false,"provinceCode":"015500000","regionCode":"010000000","islandGroupCode":"luzon","psgc10DigitCode":"0105532021"},{"code":"015532022","name":"Burgos Padlan (Pob.)","oldName":"","subMunicipalityCode":false,"cityCode":"015532000","municipalityCode":false,"districtCode":false,"provinceCode":"015500000","regionCode":"010000000","islandGroupCode":"luzon","psgc10DigitCode":"0105532022"},{"code":"015532023","name":"Cacaritan","oldName":"","subMunicipalityCode":false,"cityCode":"015532000","municipalityCode":false,"districtCode":false,"provinceCode":"015500000","regionCode":"010000000","islandGroupCode":"luzon","psgc10DigitCode":"0105532023"},{"code":"015532024","name":"Caingal","oldName":"","subMunicipalityCode":false,"cityCode":"015532000","municipalityCode":false,"districtCode":false,"provinceCode":"015500000","regionCode":"010000000","islandGroupCode":"luzon","psgc10DigitCode":"0105532024"},{"code":"015532025","name":"Calobaoan","oldName":"","subMunicipalityCode":false,"cityCode":"015532000","municipalityCode":false,"districtCode":false,"provinceCode":"015500000","regionCode":"010000000","islandGroupCode":"luzon","psgc10DigitCode":"0105532025"},{"code":"015532026","name":"Calomboyan","oldName":"","subMunicipalityCode":false,"cityCode":"015532000","municipalityCode":false,"districtCode":false,"provinceCode":"015500000","regionCode":"010000000","islandGroupCode":"luzon","psgc10DigitCode":"0105532026"},{"code":"015532027","name":"Capataan","oldName":"","subMunicipalityCode":false,"cityCode":"015532000","municipalityCode":false,"districtCode":false,"provinceCode":"015500000","regionCode":"010000000","islandGroupCode":"luzon","psgc10DigitCode":"0105532027"},{"code":"015532028","name":"Caoayan-Kiling","oldName":"","subMunicipalityCode":false,"cityCode":"015532000","municipalityCode":false,"districtCode":false,"provinceCode":"015500000","regionCode":"010000000","islandGroupCode":"luzon","psgc10DigitCode":"0105532028"},{"code":"015532029","name":"Cobol","oldName":"","subMunicipalityCode":false,"cityCode":"015532000","municipalityCode":false,"districtCode":false,"provinceCode":"015500000","regionCode":"010000000","islandGroupCode":"luzon","psgc10DigitCode":"0105532029"},{"code":"015532030","name":"Coliling","oldName":"","subMunicipalityCode":false,"cityCode":"015532000","municipalityCode":false,"districtCode":false,"provinceCode":"015500000","regionCode":"010000000","islandGroupCode":"luzon","psgc10DigitCode":"0105532030"},{"code":"015532031","name":"Cruz","oldName":"","subMunicipalityCode":false,"cityCode":"015532000","municipalityCode":false,"districtCode":false,"provinceCode":"015500000","regionCode":"010000000","islandGroupCode":"luzon","psgc10DigitCode":"0105532031"},{"code":"015532032","name":"Doyong","oldName":"","subMunicipalityCode":false,"cityCode":"015532000","municipalityCode":false,"districtCode":false,"provinceCode":"015500000","regionCode":"010000000","islandGroupCode":"luzon","psgc10DigitCode":"0105532032"},{"code":"015532035","name":"Gamata","oldName":"","subMunicipalityCode":false,"cityCode":"015532000","municipalityCode":false,"districtCode":false,"provinceCode":"015500000","regionCode":"010000000","islandGroupCode":"luzon","psgc10DigitCode":"0105532035"},{"code":"015532036","name":"Guelew","oldName":"","subMunicipalityCode":false,"cityCode":"015532000","municipalityCode":false,"districtCode":false,"provinceCode":"015500000","regionCode":"010000000","islandGroupCode":"luzon","psgc10DigitCode":"0105532036"},{"code":"015532037","name":"Ilang","oldName":"","subMunicipalityCode":false,"cityCode":"015532000","municipalityCode":false,"districtCode":false,"provinceCode":"015500000","regionCode":"010000000","islandGroupCode":"luzon","psgc10DigitCode":"0105532037"},{"code":"015532038","name":"Inerangan","oldName":"","subMunicipalityCode":false,"cityCode":"015532000","municipalityCode":false,"districtCode":false,"provinceCode":"015500000","regionCode":"010000000","islandGroupCode":"luzon","psgc10DigitCode":"0105532038"},{"code":"015532039","name":"Isla","oldName":"","subMunicipalityCode":false,"cityCode":"015532000","municipalityCode":false,"districtCode":false,"provinceCode":"015500000","regionCode":"010000000","islandGroupCode":"luzon","psgc10DigitCode":"0105532039"},{"code":"015532040","name":"Libas","oldName":"","subMunicipalityCode":false,"cityCode":"015532000","municipalityCode":false,"districtCode":false,"provinceCode":"015500000","regionCode":"010000000","islandGroupCode":"luzon","psgc10DigitCode":"0105532040"},{"code":"015532041","name":"Lilimasan","oldName":"","subMunicipalityCode":false,"cityCode":"015532000","municipalityCode":false,"districtCode":false,"provinceCode":"015500000","regionCode":"010000000","islandGroupCode":"luzon","psgc10DigitCode":"0105532041"},{"code":"015532043","name":"Longos","oldName":"","subMunicipalityCode":false,"cityCode":"015532000","municipalityCode":false,"districtCode":false,"provinceCode":"015500000","regionCode":"010000000","islandGroupCode":"luzon","psgc10DigitCode":"0105532043"},{"code":"015532044","name":"Lucban (Pob.)","oldName":"","subMunicipalityCode":false,"cityCode":"015532000","municipalityCode":false,"districtCode":false,"provinceCode":"015500000","regionCode":"010000000","islandGroupCode":"luzon","psgc10DigitCode":"0105532044"},{"code":"015532045","name":"Mabalbalino","oldName":"","subMunicipalityCode":false,"cityCode":"015532000","municipalityCode":false,"districtCode":false,"provinceCode":"015500000","regionCode":"010000000","islandGroupCode":"luzon","psgc10DigitCode":"0105532045"},{"code":"015532046","name":"Mabini (Pob.)","oldName":"","subMunicipalityCode":false,"cityCode":"015532000","municipalityCode":false,"districtCode":false,"provinceCode":"015500000","regionCode":"010000000","islandGroupCode":"luzon","psgc10DigitCode":"0105532046"},{"code":"015532047","name":"Magtaking","oldName":"","subMunicipalityCode":false,"cityCode":"015532000","municipalityCode":false,"districtCode":false,"provinceCode":"015500000","regionCode":"010000000","islandGroupCode":"luzon","psgc10DigitCode":"0105532047"},{"code":"015532048","name":"Malacañang","oldName":"","subMunicipalityCode":false,"cityCode":"015532000","municipalityCode":false,"districtCode":false,"provinceCode":"015500000","regionCode":"010000000","islandGroupCode":"luzon","psgc10DigitCode":"0105532048"},{"code":"015532050","name":"Maliwara","oldName":"","subMunicipalityCode":false,"cityCode":"015532000","municipalityCode":false,"districtCode":false,"provinceCode":"015500000","regionCode":"010000000","islandGroupCode":"luzon","psgc10DigitCode":"0105532050"},{"code":"015532051","name":"Mamarlao","oldName":"","subMunicipalityCode":false,"cityCode":"015532000","municipalityCode":false,"districtCode":false,"provinceCode":"015500000","regionCode":"010000000","islandGroupCode":"luzon","psgc10DigitCode":"0105532051"},{"code":"015532052","name":"Manzon","oldName":"","subMunicipalityCode":false,"cityCode":"015532000","municipalityCode":false,"districtCode":false,"provinceCode":"015500000","regionCode":"010000000","islandGroupCode":"luzon","psgc10DigitCode":"0105532052"},{"code":"015532053","name":"Matagdem","oldName":"","subMunicipalityCode":false,"cityCode":"015532000","municipalityCode":false,"districtCode":false,"provinceCode":"015500000","regionCode":"010000000","islandGroupCode":"luzon","psgc10DigitCode":"0105532053"},{"code":"015532054","name":"Mestizo Norte","oldName":"","subMunicipalityCode":false,"cityCode":"015532000","municipalityCode":false,"districtCode":false,"provinceCode":"015500000","regionCode":"010000000","islandGroupCode":"luzon","psgc10DigitCode":"0105532054"},{"code":"015532055","name":"Naguilayan","oldName":"","subMunicipalityCode":false,"cityCode":"015532000","municipalityCode":false,"districtCode":false,"provinceCode":"015500000","regionCode":"010000000","islandGroupCode":"luzon","psgc10DigitCode":"0105532055"},{"code":"015532056","name":"Nilentap","oldName":"","subMunicipalityCode":false,"cityCode":"015532000","municipalityCode":false,"districtCode":false,"provinceCode":"015500000","regionCode":"010000000","islandGroupCode":"luzon","psgc10DigitCode":"0105532056"},{"code":"015532057","name":"Padilla-Gomez","oldName":"","subMunicipalityCode":false,"cityCode":"015532000","municipalityCode":false,"districtCode":false,"provinceCode":"015500000","regionCode":"010000000","islandGroupCode":"luzon","psgc10DigitCode":"0105532057"},{"code":"015532058","name":"Pagal","oldName":"","subMunicipalityCode":false,"cityCode":"015532000","municipalityCode":false,"districtCode":false,"provinceCode":"015500000","regionCode":"010000000","islandGroupCode":"luzon","psgc10DigitCode":"0105532058"},{"code":"015532060","name":"Palaming","oldName":"","subMunicipalityCode":false,"cityCode":"015532000","municipalityCode":false,"districtCode":false,"provinceCode":"015500000","regionCode":"010000000","islandGroupCode":"luzon","psgc10DigitCode":"0105532060"},{"code":"015532061","name":"Palaris (Pob.)","oldName":"","subMunicipalityCode":false,"cityCode":"015532000","municipalityCode":false,"districtCode":false,"provinceCode":"015500000","regionCode":"010000000","islandGroupCode":"luzon","psgc10DigitCode":"0105532061"},{"code":"015532062","name":"Palospos","oldName":"","subMunicipalityCode":false,"cityCode":"015532000","municipalityCode":false,"districtCode":false,"provinceCode":"015500000","regionCode":"010000000","islandGroupCode":"luzon","psgc10DigitCode":"0105532062"},{"code":"015532063","name":"Pangalangan","oldName":"","subMunicipalityCode":false,"cityCode":"015532000","municipalityCode":false,"districtCode":false,"provinceCode":"015500000","regionCode":"010000000","islandGroupCode":"luzon","psgc10DigitCode":"0105532063"},{"code":"015532064","name":"Pangoloan","oldName":"","subMunicipalityCode":false,"cityCode":"015532000","municipalityCode":false,"districtCode":false,"provinceCode":"015500000","regionCode":"010000000","islandGroupCode":"luzon","psgc10DigitCode":"0105532064"},{"code":"015532065","name":"Pangpang","oldName":"","subMunicipalityCode":false,"cityCode":"015532000","municipalityCode":false,"districtCode":false,"provinceCode":"015500000","regionCode":"010000000","islandGroupCode":"luzon","psgc10DigitCode":"0105532065"},{"code":"015532066","name":"Paitan-Panoypoy","oldName":"","subMunicipalityCode":false,"cityCode":"015532000","municipalityCode":false,"districtCode":false,"provinceCode":"015500000","regionCode":"010000000","islandGroupCode":"luzon","psgc10DigitCode":"0105532066"},{"code":"015532067","name":"Parayao","oldName":"","subMunicipalityCode":false,"cityCode":"015532000","municipalityCode":false,"districtCode":false,"provinceCode":"015500000","regionCode":"010000000","islandGroupCode":"luzon","psgc10DigitCode":"0105532067"},{"code":"015532069","name":"Payapa","oldName":"","subMunicipalityCode":false,"cityCode":"015532000","municipalityCode":false,"districtCode":false,"provinceCode":"015500000","regionCode":"010000000","islandGroupCode":"luzon","psgc10DigitCode":"0105532069"},{"code":"015532070","name":"Payar","oldName":"","subMunicipalityCode":false,"cityCode":"015532000","municipalityCode":false,"districtCode":false,"provinceCode":"015500000","regionCode":"010000000","islandGroupCode":"luzon","psgc10DigitCode":"0105532070"},{"code":"015532071","name":"Perez Boulevard (Pob.)","oldName":"","subMunicipalityCode":false,"cityCode":"015532000","municipalityCode":false,"districtCode":false,"provinceCode":"015500000","regionCode":"010000000","islandGroupCode":"luzon","psgc10DigitCode":"0105532071"},{"code":"015532072","name":"Polo","oldName":"","subMunicipalityCode":false,"cityCode":"015532000","municipalityCode":false,"districtCode":false,"provinceCode":"015500000","regionCode":"010000000","islandGroupCode":"luzon","psgc10DigitCode":"0105532072"},{"code":"015532073","name":"Quezon Boulevard (Pob.)","oldName":"","subMunicipalityCode":false,"cityCode":"015532000","municipalityCode":false,"districtCode":false,"provinceCode":"015500000","regionCode":"010000000","islandGroupCode":"luzon","psgc10DigitCode":"0105532073"},{"code":"015532074","name":"Quintong","oldName":"","subMunicipalityCode":false,"cityCode":"015532000","municipalityCode":false,"districtCode":false,"provinceCode":"015500000","regionCode":"010000000","islandGroupCode":"luzon","psgc10DigitCode":"0105532074"},{"code":"015532075","name":"Rizal (Pob.)","oldName":"","subMunicipalityCode":false,"cityCode":"015532000","municipalityCode":false,"districtCode":false,"provinceCode":"015500000","regionCode":"010000000","islandGroupCode":"luzon","psgc10DigitCode":"0105532075"},{"code":"015532076","name":"Roxas Boulevard (Pob.)","oldName":"","subMunicipalityCode":false,"cityCode":"015532000","municipalityCode":false,"districtCode":false,"provinceCode":"015500000","regionCode":"010000000","islandGroupCode":"luzon","psgc10DigitCode":"0105532076"},{"code":"015532077","name":"Salinap","oldName":"","subMunicipalityCode":false,"cityCode":"015532000","municipalityCode":false,"districtCode":false,"provinceCode":"015500000","regionCode":"010000000","islandGroupCode":"luzon","psgc10DigitCode":"0105532077"},{"code":"015532078","name":"San Juan","oldName":"","subMunicipalityCode":false,"cityCode":"015532000","municipalityCode":false,"districtCode":false,"provinceCode":"015500000","regionCode":"010000000","islandGroupCode":"luzon","psgc10DigitCode":"0105532078"},{"code":"015532079","name":"San Pedro-Taloy","oldName":"","subMunicipalityCode":false,"cityCode":"015532000","municipalityCode":false,"districtCode":false,"provinceCode":"015500000","regionCode":"010000000","islandGroupCode":"luzon","psgc10DigitCode":"0105532079"},{"code":"015532080","name":"Sapinit","oldName":"","subMunicipalityCode":false,"cityCode":"015532000","municipalityCode":false,"districtCode":false,"provinceCode":"015500000","regionCode":"010000000","islandGroupCode":"luzon","psgc10DigitCode":"0105532080"},{"code":"015532081","name":"PNR Station Site","oldName":"","subMunicipalityCode":false,"cityCode":"015532000","municipalityCode":false,"districtCode":false,"provinceCode":"015500000","regionCode":"010000000","islandGroupCode":"luzon","psgc10DigitCode":"0105532081"},{"code":"015532082","name":"Supo","oldName":"","subMunicipalityCode":false,"cityCode":"015532000","municipalityCode":false,"districtCode":false,"provinceCode":"015500000","regionCode":"010000000","islandGroupCode":"luzon","psgc10DigitCode":"0105532082"},{"code":"015532083","name":"Talang","oldName":"","subMunicipalityCode":false,"cityCode":"015532000","municipalityCode":false,"districtCode":false,"provinceCode":"015500000","regionCode":"010000000","islandGroupCode":"luzon","psgc10DigitCode":"0105532083"},{"code":"015532084","name":"Tamayo","oldName":"","subMunicipalityCode":false,"cityCode":"015532000","municipalityCode":false,"districtCode":false,"provinceCode":"015500000","regionCode":"010000000","islandGroupCode":"luzon","psgc10DigitCode":"0105532084"},{"code":"015532085","name":"Tandoc","oldName":"","subMunicipalityCode":false,"cityCode":"015532000","municipalityCode":false,"districtCode":false,"provinceCode":"015500000","regionCode":"010000000","islandGroupCode":"luzon","psgc10DigitCode":"0105532085"},{"code":"015532086","name":"Tarece","oldName":"","subMunicipalityCode":false,"cityCode":"015532000","municipalityCode":false,"districtCode":false,"provinceCode":"015500000","regionCode":"010000000","islandGroupCode":"luzon","psgc10DigitCode":"0105532086"},{"code":"015532087","name":"Tarectec","oldName":"","subMunicipalityCode":false,"cityCode":"015532000","municipalityCode":false,"districtCode":false,"provinceCode":"015500000","regionCode":"010000000","islandGroupCode":"luzon","psgc10DigitCode":"0105532087"},{"code":"015532088","name":"Tayambani","oldName":"","subMunicipalityCode":false,"cityCode":"015532000","municipalityCode":false,"districtCode":false,"provinceCode":"015500000","regionCode":"010000000","islandGroupCode":"luzon","psgc10DigitCode":"0105532088"},{"code":"015532089","name":"Tebag","oldName":"","subMunicipalityCode":false,"cityCode":"015532000","municipalityCode":false,"districtCode":false,"provinceCode":"015500000","regionCode":"010000000","islandGroupCode":"luzon","psgc10DigitCode":"0105532089"},{"code":"015532090","name":"Turac","oldName":"","subMunicipalityCode":false,"cityCode":"015532000","municipalityCode":false,"districtCode":false,"provinceCode":"015500000","regionCode":"010000000","islandGroupCode":"luzon","psgc10DigitCode":"0105532090"},{"code":"015532091","name":"M. Soriano","oldName":"","subMunicipalityCode":false,"cityCode":"015532000","municipalityCode":false,"districtCode":false,"provinceCode":"015500000","regionCode":"010000000","islandGroupCode":"luzon","psgc10DigitCode":"0105532091"},{"code":"015532092","name":"Tandang Sora","oldName":"","subMunicipalityCode":false,"cityCode":"015532000","municipalityCode":false,"districtCode":false,"provinceCode":"015500000","regionCode":"010000000","islandGroupCode":"luzon","psgc10DigitCode":"0105532092"}]