[{"code":"051701000","name":"Baao","oldName":"","isCapital":false,"isCity":false,"isMunicipality":true,"provinceCode":"051700000","districtCode":false,"regionCode":"050000000","islandGroupCode":"luzon","psgc10DigitCode":"0501701000"},{"code":"051702000","name":"Balatan","oldName":"","isCapital":false,"isCity":false,"isMunicipality":true,"provinceCode":"051700000","districtCode":false,"regionCode":"050000000","islandGroupCode":"luzon","psgc10DigitCode":"0501702000"},{"code":"051703000","name":"Bato","oldName":"","isCapital":false,"isCity":false,"isMunicipality":true,"provinceCode":"051700000","districtCode":false,"regionCode":"050000000","islandGroupCode":"luzon","psgc10DigitCode":"0501703000"},{"code":"051704000","name":"Bombon","oldName":"","isCapital":false,"isCity":false,"isMunicipality":true,"provinceCode":"051700000","districtCode":false,"regionCode":"050000000","islandGroupCode":"luzon","psgc10DigitCode":"0501704000"},{"code":"051705000","name":"Buhi","oldName":"","isCapital":false,"isCity":false,"isMunicipality":true,"provinceCode":"051700000","districtCode":false,"regionCode":"050000000","islandGroupCode":"luzon","psgc10DigitCode":"0501705000"},{"code":"051706000","name":"Bula","oldName":"","isCapital":false,"isCity":false,"isMunicipality":true,"provinceCode":"051700000","districtCode":false,"regionCode":"050000000","islandGroupCode":"luzon","psgc10DigitCode":"0501706000"},{"code":"051707000","name":"Cabusao","oldName":"","isCapital":false,"isCity":false,"isMunicipality":true,"provinceCode":"051700000","districtCode":false,"regionCode":"050000000","islandGroupCode":"luzon","psgc10DigitCode":"0501707000"},{"code":"051708000","name":"Calabanga","oldName":"","isCapital":false,"isCity":false,"isMunicipality":true,"provinceCode":"051700000","districtCode":false,"regionCode":"050000000","islandGroupCode":"luzon","psgc10DigitCode":"0501708000"},{"code":"051709000","name":"Camaligan","oldName":"","isCapital":false,"isCity":false,"isMunicipality":true,"provinceCode":"051700000","districtCode":false,"regionCode":"050000000","islandGroupCode":"luzon","psgc10DigitCode":"0501709000"},{"code":"051710000","name":"Canaman","oldName":"","isCapital":false,"isCity":false,"isMunicipality":true,"provinceCode":"051700000","districtCode":false,"regionCode":"050000000","islandGroupCode":"luzon","psgc10DigitCode":"0501710000"},{"code":"051711000","name":"Caramoan","oldName":"","isCapital":false,"isCity":false,"isMunicipality":true,"provinceCode":"051700000","districtCode":false,"regionCode":"050000000","islandGroupCode":"luzon","psgc10DigitCode":"0501711000"},{"code":"051712000","name":"Del Gallego","oldName":"","isCapital":false,"isCity":false,"isMunicipality":true,"provinceCode":"051700000","districtCode":false,"regionCode":"050000000","islandGroupCode":"luzon","psgc10DigitCode":"0501712000"},{"code":"051713000","name":"Gainza","oldName":"","isCapital":false,"isCity":false,"isMunicipality":true,"provinceCode":"051700000","districtCode":false,"regionCode":"050000000","islandGroupCode":"luzon","psgc10DigitCode":"0501713000"},{"code":"051714000","name":"Garchitorena","oldName":"","isCapital":false,"isCity":false,"isMunicipality":true,"provinceCode":"051700000","districtCode":false,"regionCode":"050000000","islandGroupCode":"luzon","psgc10DigitCode":"0501714000"},{"code":"051715000","name":"Goa","oldName":"","isCapital":false,"isCity":false,"isMunicipality":true,"provinceCode":"051700000","districtCode":false,"regionCode":"050000000","islandGroupCode":"luzon","psgc10DigitCode":"0501715000"},{"code":"051716000","name":"City of Iriga","oldName":"","isCapital":false,"isCity":true,"isMunicipality":false,"provinceCode":"051700000","districtCode":false,"regionCode":"050000000","islandGroupCode":"luzon","psgc10DigitCode":"0501716000"},{"code":"051717000","name":"Lagonoy","oldName":"","isCapital":false,"isCity":false,"isMunicipality":true,"provinceCode":"051700000","districtCode":false,"regionCode":"050000000","islandGroupCode":"luzon","psgc10DigitCode":"0501717000"},{"code":"051718000","name":"Libmanan","oldName":"","isCapital":false,"isCity":false,"isMunicipality":true,"provinceCode":"051700000","districtCode":false,"regionCode":"050000000","islandGroupCode":"luzon","psgc10DigitCode":"0501718000"},{"code":"051719000","name":"Lupi","oldName":"","isCapital":false,"isCity":false,"isMunicipality":true,"provinceCode":"051700000","districtCode":false,"regionCode":"050000000","islandGroupCode":"luzon","psgc10DigitCode":"0501719000"},{"code":"051720000","name":"Magarao","oldName":"","isCapital":false,"isCity":false,"isMunicipality":true,"provinceCode":"051700000","districtCode":false,"regionCode":"050000000","islandGroupCode":"luzon","psgc10DigitCode":"0501720000"},{"code":"051721000","name":"Milaor","oldName":"","isCapital":false,"isCity":false,"isMunicipality":true,"provinceCode":"051700000","districtCode":false,"regionCode":"050000000","islandGroupCode":"luzon","psgc10DigitCode":"0501721000"},{"code":"051722000","name":"Minalabac","oldName":"","isCapital":false,"isCity":false,"isMunicipality":true,"provinceCode":"051700000","districtCode":false,"regionCode":"050000000","islandGroupCode":"luzon","psgc10DigitCode":"0501722000"},{"code":"051723000","name":"Nabua","oldName":"","isCapital":false,"isCity":false,"isMunicipality":true,"provinceCode":"051700000","districtCode":false,"regionCode":"050000000","islandGroupCode":"luzon","psgc10DigitCode":"0501723000"},{"code":"051724000","name":"City of Naga","oldName":"","isCapital":false,"isCity":true,"isMunicipality":false,"provinceCode":"051700000","districtCode":false,"regionCode":"050000000","islandGroupCode":"luzon","psgc10DigitCode":"0501724000"},{"code":"051725000","name":"Ocampo","oldName":"","isCapital":false,"isCity":false,"isMunicipality":true,"provinceCode":"051700000","districtCode":false,"regionCode":"050000000","islandGroupCode":"luzon","psgc10DigitCode":"0501725000"},{"code":"051726000","name":"Pamplona","oldName":"","isCapital":false,"isCity":false,"isMunicipality":true,"provinceCode":"051700000","districtCode":false,"regionCode":"050000000","islandGroupCode":"luzon","psgc10DigitCode":"0501726000"},{"code":"051727000","name":"Pasacao","oldName":"","isCapital":false,"isCity":false,"isMunicipality":true,"provinceCode":"051700000","districtCode":false,"regionCode":"050000000","islandGroupCode":"luzon","psgc10DigitCode":"0501727000"},{"code":"051728000","name":"Pili","oldName":"","isCapital":true,"isCity":false,"isMunicipality":true,"provinceCode":"051700000","districtCode":false,"regionCode":"050000000","islandGroupCode":"luzon","psgc10DigitCode":"0501728000"},{"code":"051729000","name":"Presentacion","oldName":"Parubcan","isCapital":false,"isCity":false,"isMunicipality":true,"provinceCode":"051700000","districtCode":false,"regionCode":"050000000","islandGroupCode":"luzon","psgc10DigitCode":"0501729000"},{"code":"051730000","name":"Ragay","oldName":"","isCapital":false,"isCity":false,"isMunicipality":true,"provinceCode":"051700000","districtCode":false,"regionCode":"050000000","islandGroupCode":"luzon","psgc10DigitCode":"0501730000"},{"code":"051731000","name":"Sagñay","oldName":"","isCapital":false,"isCity":false,"isMunicipality":true,"provinceCode":"051700000","districtCode":false,"regionCode":"050000000","islandGroupCode":"luzon","psgc10DigitCode":"0501731000"},{"code":"051732000","name":"San Fernando","oldName":"","isCapital":false,"isCity":false,"isMunicipality":true,"provinceCode":"051700000","districtCode":false,"regionCode":"050000000","islandGroupCode":"luzon","psgc10DigitCode":"0501732000"},{"code":"051733000","name":"San Jose","oldName":"","isCapital":false,"isCity":false,"isMunicipality":true,"provinceCode":"051700000","districtCode":false,"regionCode":"050000000","islandGroupCode":"luzon","psgc10DigitCode":"0501733000"},{"code":"051734000","name":"Sipocot","oldName":"","isCapital":false,"isCity":false,"isMunicipality":true,"provinceCode":"051700000","districtCode":false,"regionCode":"050000000","islandGroupCode":"luzon","psgc10DigitCode":"0501734000"},{"code":"051735000","name":"Siruma","oldName":"","isCapital":false,"isCity":false,"isMunicipality":true,"provinceCode":"051700000","districtCode":false,"regionCode":"050000000","islandGroupCode":"luzon","psgc10DigitCode":"0501735000"},{"code":"051736000","name":"Tigaon","oldName":"","isCapital":false,"isCity":false,"isMunicipality":true,"provinceCode":"051700000","districtCode":false,"regionCode":"050000000","islandGroupCode":"luzon","psgc10DigitCode":"0501736000"},{"code":"051737000","name":"Tinambac","oldName":"","isCapital":false,"isCity":false,"isMunicipality":true,"provinceCode":"051700000","districtCode":false,"regionCode":"050000000","islandGroupCode":"luzon","psgc10DigitCode":"0501737000"}]