[{"code":"051601001","name":"Angas","oldName":"","subMunicipalityCode":false,"cityCode":false,"municipalityCode":"051601000","districtCode":false,"provinceCode":"051600000","regionCode":"050000000","islandGroupCode":"luzon","psgc10DigitCode":"0501601001"},{"code":"051601002","name":"Bactas","oldName":"","subMunicipalityCode":false,"cityCode":false,"municipalityCode":"051601000","districtCode":false,"provinceCode":"051600000","regionCode":"050000000","islandGroupCode":"luzon","psgc10DigitCode":"0501601002"},{"code":"051601003","name":"Binatagan","oldName":"","subMunicipalityCode":false,"cityCode":false,"municipalityCode":"051601000","districtCode":false,"provinceCode":"051600000","regionCode":"050000000","islandGroupCode":"luzon","psgc10DigitCode":"0501601003"},{"code":"051601004","name":"Caayunan","oldName":"","subMunicipalityCode":false,"cityCode":false,"municipalityCode":"051601000","districtCode":false,"provinceCode":"051600000","regionCode":"050000000","islandGroupCode":"luzon","psgc10DigitCode":"0501601004"},{"code":"051601005","name":"Guinatungan","oldName":"","subMunicipalityCode":false,"cityCode":false,"municipalityCode":"051601000","districtCode":false,"provinceCode":"051600000","regionCode":"050000000","islandGroupCode":"luzon","psgc10DigitCode":"0501601005"},{"code":"051601006","name":"Hinampacan","oldName":"","subMunicipalityCode":false,"cityCode":false,"municipalityCode":"051601000","districtCode":false,"provinceCode":"051600000","regionCode":"050000000","islandGroupCode":"luzon","psgc10DigitCode":"0501601006"},{"code":"051601007","name":"Langa","oldName":"","subMunicipalityCode":false,"cityCode":false,"municipalityCode":"051601000","districtCode":false,"provinceCode":"051600000","regionCode":"050000000","islandGroupCode":"luzon","psgc10DigitCode":"0501601007"},{"code":"051601008","name":"Laniton","oldName":"","subMunicipalityCode":false,"cityCode":false,"municipalityCode":"051601000","districtCode":false,"provinceCode":"051600000","regionCode":"050000000","islandGroupCode":"luzon","psgc10DigitCode":"0501601008"},{"code":"051601009","name":"Lidong","oldName":"","subMunicipalityCode":false,"cityCode":false,"municipalityCode":"051601000","districtCode":false,"provinceCode":"051600000","regionCode":"050000000","islandGroupCode":"luzon","psgc10DigitCode":"0501601009"},{"code":"051601010","name":"Mampili","oldName":"","subMunicipalityCode":false,"cityCode":false,"municipalityCode":"051601000","districtCode":false,"provinceCode":"051600000","regionCode":"050000000","islandGroupCode":"luzon","psgc10DigitCode":"0501601010"},{"code":"051601011","name":"Mandazo","oldName":"","subMunicipalityCode":false,"cityCode":false,"municipalityCode":"051601000","districtCode":false,"provinceCode":"051600000","regionCode":"050000000","islandGroupCode":"luzon","psgc10DigitCode":"0501601011"},{"code":"051601012","name":"Mangcamagong","oldName":"","subMunicipalityCode":false,"cityCode":false,"municipalityCode":"051601000","districtCode":false,"provinceCode":"051600000","regionCode":"050000000","islandGroupCode":"luzon","psgc10DigitCode":"0501601012"},{"code":"051601014","name":"Manmuntay","oldName":"","subMunicipalityCode":false,"cityCode":false,"municipalityCode":"051601000","districtCode":false,"provinceCode":"051600000","regionCode":"050000000","islandGroupCode":"luzon","psgc10DigitCode":"0501601014"},{"code":"051601015","name":"Mantugawe","oldName":"","subMunicipalityCode":false,"cityCode":false,"municipalityCode":"051601000","districtCode":false,"provinceCode":"051600000","regionCode":"050000000","islandGroupCode":"luzon","psgc10DigitCode":"0501601015"},{"code":"051601016","name":"Matnog","oldName":"","subMunicipalityCode":false,"cityCode":false,"municipalityCode":"051601000","districtCode":false,"provinceCode":"051600000","regionCode":"050000000","islandGroupCode":"luzon","psgc10DigitCode":"0501601016"},{"code":"051601017","name":"Mocong","oldName":"","subMunicipalityCode":false,"cityCode":false,"municipalityCode":"051601000","districtCode":false,"provinceCode":"051600000","regionCode":"050000000","islandGroupCode":"luzon","psgc10DigitCode":"0501601017"},{"code":"051601018","name":"Oliva","oldName":"","subMunicipalityCode":false,"cityCode":false,"municipalityCode":"051601000","districtCode":false,"provinceCode":"051600000","regionCode":"050000000","islandGroupCode":"luzon","psgc10DigitCode":"0501601018"},{"code":"051601019","name":"Pagsangahan","oldName":"","subMunicipalityCode":false,"cityCode":false,"municipalityCode":"051601000","districtCode":false,"provinceCode":"051600000","regionCode":"050000000","islandGroupCode":"luzon","psgc10DigitCode":"0501601019"},{"code":"051601020","name":"Pinagwarasan","oldName":"","subMunicipalityCode":false,"cityCode":false,"municipalityCode":"051601000","districtCode":false,"provinceCode":"051600000","regionCode":"050000000","islandGroupCode":"luzon","psgc10DigitCode":"0501601020"},{"code":"051601021","name":"Plaridel","oldName":"","subMunicipalityCode":false,"cityCode":false,"municipalityCode":"051601000","districtCode":false,"provinceCode":"051600000","regionCode":"050000000","islandGroupCode":"luzon","psgc10DigitCode":"0501601021"},{"code":"051601022","name":"Poblacion 1","oldName":"","subMunicipalityCode":false,"cityCode":false,"municipalityCode":"051601000","districtCode":false,"provinceCode":"051600000","regionCode":"050000000","islandGroupCode":"luzon","psgc10DigitCode":"0501601022"},{"code":"051601025","name":"San Felipe","oldName":"","subMunicipalityCode":false,"cityCode":false,"municipalityCode":"051601000","districtCode":false,"provinceCode":"051600000","regionCode":"050000000","islandGroupCode":"luzon","psgc10DigitCode":"0501601025"},{"code":"051601027","name":"San Jose","oldName":"","subMunicipalityCode":false,"cityCode":false,"municipalityCode":"051601000","districtCode":false,"provinceCode":"051600000","regionCode":"050000000","islandGroupCode":"luzon","psgc10DigitCode":"0501601027"},{"code":"051601028","name":"San Pascual","oldName":"","subMunicipalityCode":false,"cityCode":false,"municipalityCode":"051601000","districtCode":false,"provinceCode":"051600000","regionCode":"050000000","islandGroupCode":"luzon","psgc10DigitCode":"0501601028"},{"code":"051601030","name":"Taba-taba","oldName":"","subMunicipalityCode":false,"cityCode":false,"municipalityCode":"051601000","districtCode":false,"provinceCode":"051600000","regionCode":"050000000","islandGroupCode":"luzon","psgc10DigitCode":"0501601030"},{"code":"051601031","name":"Tacad","oldName":"","subMunicipalityCode":false,"cityCode":false,"municipalityCode":"051601000","districtCode":false,"provinceCode":"051600000","regionCode":"050000000","islandGroupCode":"luzon","psgc10DigitCode":"0501601031"},{"code":"051601032","name":"Taisan","oldName":"","subMunicipalityCode":false,"cityCode":false,"municipalityCode":"051601000","districtCode":false,"provinceCode":"051600000","regionCode":"050000000","islandGroupCode":"luzon","psgc10DigitCode":"0501601032"},{"code":"051601033","name":"Tuaca","oldName":"","subMunicipalityCode":false,"cityCode":false,"municipalityCode":"051601000","districtCode":false,"provinceCode":"051600000","regionCode":"050000000","islandGroupCode":"luzon","psgc10DigitCode":"0501601033"},{"code":"051601034","name":"Poblacion 2","oldName":"","subMunicipalityCode":false,"cityCode":false,"municipalityCode":"051601000","districtCode":false,"provinceCode":"051600000","regionCode":"050000000","islandGroupCode":"luzon","psgc10DigitCode":"0501601034"},{"code":"051602001","name":"Alayao","oldName":"","subMunicipalityCode":false,"cityCode":false,"municipalityCode":"051602000","districtCode":false,"provinceCode":"051600000","regionCode":"050000000","islandGroupCode":"luzon","psgc10DigitCode":"0501602001"},{"code":"051602002","name":"Binawangan","oldName":"","subMunicipalityCode":false,"cityCode":false,"municipalityCode":"051602000","districtCode":false,"provinceCode":"051600000","regionCode":"050000000","islandGroupCode":"luzon","psgc10DigitCode":"0501602002"},{"code":"051602003","name":"Calabaca","oldName":"","subMunicipalityCode":false,"cityCode":false,"municipalityCode":"051602000","districtCode":false,"provinceCode":"051600000","regionCode":"050000000","islandGroupCode":"luzon","psgc10DigitCode":"0501602003"},{"code":"051602004","name":"Camagsaan","oldName":"","subMunicipalityCode":false,"cityCode":false,"municipalityCode":"051602000","districtCode":false,"provinceCode":"051600000","regionCode":"050000000","islandGroupCode":"luzon","psgc10DigitCode":"0501602004"},{"code":"051602005","name":"Catabaguangan","oldName":"","subMunicipalityCode":false,"cityCode":false,"municipalityCode":"051602000","districtCode":false,"provinceCode":"051600000","regionCode":"050000000","islandGroupCode":"luzon","psgc10DigitCode":"0501602005"},{"code":"051602006","name":"Catioan","oldName":"","subMunicipalityCode":false,"cityCode":false,"municipalityCode":"051602000","districtCode":false,"provinceCode":"051600000","regionCode":"050000000","islandGroupCode":"luzon","psgc10DigitCode":"0501602006"},{"code":"051602007","name":"Del Pilar","oldName":"","subMunicipalityCode":false,"cityCode":false,"municipalityCode":"051602000","districtCode":false,"provinceCode":"051600000","regionCode":"050000000","islandGroupCode":"luzon","psgc10DigitCode":"0501602007"},{"code":"051602008","name":"Itok","oldName":"","subMunicipalityCode":false,"cityCode":false,"municipalityCode":"051602000","districtCode":false,"provinceCode":"051600000","regionCode":"050000000","islandGroupCode":"luzon","psgc10DigitCode":"0501602008"},{"code":"051602009","name":"Lucbanan","oldName":"","subMunicipalityCode":false,"cityCode":false,"municipalityCode":"051602000","districtCode":false,"provinceCode":"051600000","regionCode":"050000000","islandGroupCode":"luzon","psgc10DigitCode":"0501602009"},{"code":"051602010","name":"Mabini","oldName":"","subMunicipalityCode":false,"cityCode":false,"municipalityCode":"051602000","districtCode":false,"provinceCode":"051600000","regionCode":"050000000","islandGroupCode":"luzon","psgc10DigitCode":"0501602010"},{"code":"051602011","name":"Mactang","oldName":"","subMunicipalityCode":false,"cityCode":false,"municipalityCode":"051602000","districtCode":false,"provinceCode":"051600000","regionCode":"050000000","islandGroupCode":"luzon","psgc10DigitCode":"0501602011"},{"code":"051602012","name":"Mataque","oldName":"","subMunicipalityCode":false,"cityCode":false,"municipalityCode":"051602000","districtCode":false,"provinceCode":"051600000","regionCode":"050000000","islandGroupCode":"luzon","psgc10DigitCode":"0501602012"},{"code":"051602013","name":"Old Camp","oldName":"","subMunicipalityCode":false,"cityCode":false,"municipalityCode":"051602000","districtCode":false,"provinceCode":"051600000","regionCode":"050000000","islandGroupCode":"luzon","psgc10DigitCode":"0501602013"},{"code":"051602014","name":"Poblacion","oldName":"","subMunicipalityCode":false,"cityCode":false,"municipalityCode":"051602000","districtCode":false,"provinceCode":"051600000","regionCode":"050000000","islandGroupCode":"luzon","psgc10DigitCode":"0501602014"},{"code":"051602015","name":"Magsaysay","oldName":"","subMunicipalityCode":false,"cityCode":false,"municipalityCode":"051602000","districtCode":false,"provinceCode":"051600000","regionCode":"050000000","islandGroupCode":"luzon","psgc10DigitCode":"0501602015"},{"code":"051602016","name":"San Antonio","oldName":"","subMunicipalityCode":false,"cityCode":false,"municipalityCode":"051602000","districtCode":false,"provinceCode":"051600000","regionCode":"050000000","islandGroupCode":"luzon","psgc10DigitCode":"0501602016"},{"code":"051602017","name":"San Isidro","oldName":"","subMunicipalityCode":false,"cityCode":false,"municipalityCode":"051602000","districtCode":false,"provinceCode":"051600000","regionCode":"050000000","islandGroupCode":"luzon","psgc10DigitCode":"0501602017"},{"code":"051602018","name":"San Roque","oldName":"","subMunicipalityCode":false,"cityCode":false,"municipalityCode":"051602000","districtCode":false,"provinceCode":"051600000","regionCode":"050000000","islandGroupCode":"luzon","psgc10DigitCode":"0501602018"},{"code":"051602019","name":"Tanawan","oldName":"","subMunicipalityCode":false,"cityCode":false,"municipalityCode":"051602000","districtCode":false,"provinceCode":"051600000","regionCode":"050000000","islandGroupCode":"luzon","psgc10DigitCode":"0501602019"},{"code":"051602020","name":"Ubang","oldName":"","subMunicipalityCode":false,"cityCode":false,"municipalityCode":"051602000","districtCode":false,"provinceCode":"051600000","regionCode":"050000000","islandGroupCode":"luzon","psgc10DigitCode":"0501602020"},{"code":"051602021","name":"Villa Aurora","oldName":"","subMunicipalityCode":false,"cityCode":false,"municipalityCode":"051602000","districtCode":false,"provinceCode":"051600000","regionCode":"050000000","islandGroupCode":"luzon","psgc10DigitCode":"0501602021"},{"code":"051602022","name":"Villa Belen","oldName":"","subMunicipalityCode":false,"cityCode":false,"municipalityCode":"051602000","districtCode":false,"provinceCode":"051600000","regionCode":"050000000","islandGroupCode":"luzon","psgc10DigitCode":"0501602022"},{"code":"051603001","name":"Alawihao","oldName":"","subMunicipalityCode":false,"cityCode":false,"municipalityCode":"051603000","districtCode":false,"provinceCode":"051600000","regionCode":"050000000","islandGroupCode":"luzon","psgc10DigitCode":"0501603001"},{"code":"051603002","name":"Awitan","oldName":"","subMunicipalityCode":false,"cityCode":false,"municipalityCode":"051603000","districtCode":false,"provinceCode":"051600000","regionCode":"050000000","islandGroupCode":"luzon","psgc10DigitCode":"0501603002"},{"code":"051603003","name":"Bagasbas","oldName":"","subMunicipalityCode":false,"cityCode":false,"municipalityCode":"051603000","districtCode":false,"provinceCode":"051600000","regionCode":"050000000","islandGroupCode":"luzon","psgc10DigitCode":"0501603003"},{"code":"051603004","name":"Bibirao","oldName":"","subMunicipalityCode":false,"cityCode":false,"municipalityCode":"051603000","districtCode":false,"provinceCode":"051600000","regionCode":"050000000","islandGroupCode":"luzon","psgc10DigitCode":"0501603004"},{"code":"051603005","name":"Borabod","oldName":"","subMunicipalityCode":false,"cityCode":false,"municipalityCode":"051603000","districtCode":false,"provinceCode":"051600000","regionCode":"050000000","islandGroupCode":"luzon","psgc10DigitCode":"0501603005"},{"code":"051603006","name":"Calasgasan","oldName":"","subMunicipalityCode":false,"cityCode":false,"municipalityCode":"051603000","districtCode":false,"provinceCode":"051600000","regionCode":"050000000","islandGroupCode":"luzon","psgc10DigitCode":"0501603006"},{"code":"051603007","name":"Camambugan","oldName":"","subMunicipalityCode":false,"cityCode":false,"municipalityCode":"051603000","districtCode":false,"provinceCode":"051600000","regionCode":"050000000","islandGroupCode":"luzon","psgc10DigitCode":"0501603007"},{"code":"051603008","name":"Cobangbang","oldName":"Carumpit","subMunicipalityCode":false,"cityCode":false,"municipalityCode":"051603000","districtCode":false,"provinceCode":"051600000","regionCode":"050000000","islandGroupCode":"luzon","psgc10DigitCode":"0501603008"},{"code":"051603012","name":"Dogongan","oldName":"","subMunicipalityCode":false,"cityCode":false,"municipalityCode":"051603000","districtCode":false,"provinceCode":"051600000","regionCode":"050000000","islandGroupCode":"luzon","psgc10DigitCode":"0501603012"},{"code":"051603013","name":"Gahonon","oldName":"","subMunicipalityCode":false,"cityCode":false,"municipalityCode":"051603000","districtCode":false,"provinceCode":"051600000","regionCode":"050000000","islandGroupCode":"luzon","psgc10DigitCode":"0501603013"},{"code":"051603014","name":"Gubat","oldName":"","subMunicipalityCode":false,"cityCode":false,"municipalityCode":"051603000","districtCode":false,"provinceCode":"051600000","regionCode":"050000000","islandGroupCode":"luzon","psgc10DigitCode":"0501603014"},{"code":"051603015","name":"Lag-On","oldName":"","subMunicipalityCode":false,"cityCode":false,"municipalityCode":"051603000","districtCode":false,"provinceCode":"051600000","regionCode":"050000000","islandGroupCode":"luzon","psgc10DigitCode":"0501603015"},{"code":"051603018","name":"Magang","oldName":"","subMunicipalityCode":false,"cityCode":false,"municipalityCode":"051603000","districtCode":false,"provinceCode":"051600000","regionCode":"050000000","islandGroupCode":"luzon","psgc10DigitCode":"0501603018"},{"code":"051603019","name":"Mambalite","oldName":"","subMunicipalityCode":false,"cityCode":false,"municipalityCode":"051603000","districtCode":false,"provinceCode":"051600000","regionCode":"050000000","islandGroupCode":"luzon","psgc10DigitCode":"0501603019"},{"code":"051603021","name":"Mancruz","oldName":"Mangcruz","subMunicipalityCode":false,"cityCode":false,"municipalityCode":"051603000","districtCode":false,"provinceCode":"051600000","regionCode":"050000000","islandGroupCode":"luzon","psgc10DigitCode":"0501603021"},{"code":"051603023","name":"Pamorangon","oldName":"","subMunicipalityCode":false,"cityCode":false,"municipalityCode":"051603000","districtCode":false,"provinceCode":"051600000","regionCode":"050000000","islandGroupCode":"luzon","psgc10DigitCode":"0501603023"},{"code":"051603024","name":"Barangay I (Pob.)","oldName":"","subMunicipalityCode":false,"cityCode":false,"municipalityCode":"051603000","districtCode":false,"provinceCode":"051600000","regionCode":"050000000","islandGroupCode":"luzon","psgc10DigitCode":"0501603024"},{"code":"051603025","name":"Barangay II (Pob.)","oldName":"","subMunicipalityCode":false,"cityCode":false,"municipalityCode":"051603000","districtCode":false,"provinceCode":"051600000","regionCode":"050000000","islandGroupCode":"luzon","psgc10DigitCode":"0501603025"},{"code":"051603026","name":"Barangay III (Pob.)","oldName":"","subMunicipalityCode":false,"cityCode":false,"municipalityCode":"051603000","districtCode":false,"provinceCode":"051600000","regionCode":"050000000","islandGroupCode":"luzon","psgc10DigitCode":"0501603026"},{"code":"051603027","name":"Barangay IV (Pob.)","oldName":"","subMunicipalityCode":false,"cityCode":false,"municipalityCode":"051603000","districtCode":false,"provinceCode":"051600000","regionCode":"050000000","islandGroupCode":"luzon","psgc10DigitCode":"0501603027"},{"code":"051603028","name":"Barangay V (Pob.)","oldName":"","subMunicipalityCode":false,"cityCode":false,"municipalityCode":"051603000","districtCode":false,"provinceCode":"051600000","regionCode":"050000000","islandGroupCode":"luzon","psgc10DigitCode":"0501603028"},{"code":"051603029","name":"Barangay VI (Pob.)","oldName":"","subMunicipalityCode":false,"cityCode":false,"municipalityCode":"051603000","districtCode":false,"provinceCode":"051600000","regionCode":"050000000","islandGroupCode":"luzon","psgc10DigitCode":"0501603029"},{"code":"051603030","name":"Barangay VII (Pob.)","oldName":"","subMunicipalityCode":false,"cityCode":false,"municipalityCode":"051603000","districtCode":false,"provinceCode":"051600000","regionCode":"050000000","islandGroupCode":"luzon","psgc10DigitCode":"0501603030"},{"code":"051603031","name":"Barangay VIII (Pob.)","oldName":"","subMunicipalityCode":false,"cityCode":false,"municipalityCode":"051603000","districtCode":false,"provinceCode":"051600000","regionCode":"050000000","islandGroupCode":"luzon","psgc10DigitCode":"0501603031"},{"code":"051603032","name":"San Isidro","oldName":"","subMunicipalityCode":false,"cityCode":false,"municipalityCode":"051603000","districtCode":false,"provinceCode":"051600000","regionCode":"050000000","islandGroupCode":"luzon","psgc10DigitCode":"0501603032"},{"code":"051604001","name":"Daculang Bolo","oldName":"","subMunicipalityCode":false,"cityCode":false,"municipalityCode":"051604000","districtCode":false,"provinceCode":"051600000","regionCode":"050000000","islandGroupCode":"luzon","psgc10DigitCode":"0501604001"},{"code":"051604002","name":"Dagotdotan","oldName":"","subMunicipalityCode":false,"cityCode":false,"municipalityCode":"051604000","districtCode":false,"provinceCode":"051600000","regionCode":"050000000","islandGroupCode":"luzon","psgc10DigitCode":"0501604002"},{"code":"051604003","name":"Langga","oldName":"","subMunicipalityCode":false,"cityCode":false,"municipalityCode":"051604000","districtCode":false,"provinceCode":"051600000","regionCode":"050000000","islandGroupCode":"luzon","psgc10DigitCode":"0501604003"},{"code":"051604004","name":"Laniton","oldName":"","subMunicipalityCode":false,"cityCode":false,"municipalityCode":"051604000","districtCode":false,"provinceCode":"051600000","regionCode":"050000000","islandGroupCode":"luzon","psgc10DigitCode":"0501604004"},{"code":"051604005","name":"Maisog","oldName":"","subMunicipalityCode":false,"cityCode":false,"municipalityCode":"051604000","districtCode":false,"provinceCode":"051600000","regionCode":"050000000","islandGroupCode":"luzon","psgc10DigitCode":"0501604005"},{"code":"051604006","name":"Mampurog","oldName":"","subMunicipalityCode":false,"cityCode":false,"municipalityCode":"051604000","districtCode":false,"provinceCode":"051600000","regionCode":"050000000","islandGroupCode":"luzon","psgc10DigitCode":"0501604006"},{"code":"051604007","name":"Manlimonsito","oldName":"","subMunicipalityCode":false,"cityCode":false,"municipalityCode":"051604000","districtCode":false,"provinceCode":"051600000","regionCode":"050000000","islandGroupCode":"luzon","psgc10DigitCode":"0501604007"},{"code":"051604008","name":"Matacong (Pob.)","oldName":"","subMunicipalityCode":false,"cityCode":false,"municipalityCode":"051604000","districtCode":false,"provinceCode":"051600000","regionCode":"050000000","islandGroupCode":"luzon","psgc10DigitCode":"0501604008"},{"code":"051604009","name":"Salvacion","oldName":"","subMunicipalityCode":false,"cityCode":false,"municipalityCode":"051604000","districtCode":false,"provinceCode":"051600000","regionCode":"050000000","islandGroupCode":"luzon","psgc10DigitCode":"0501604009"},{"code":"051604010","name":"San Antonio","oldName":"","subMunicipalityCode":false,"cityCode":false,"municipalityCode":"051604000","districtCode":false,"provinceCode":"051600000","regionCode":"050000000","islandGroupCode":"luzon","psgc10DigitCode":"0501604010"},{"code":"051604011","name":"San Isidro","oldName":"","subMunicipalityCode":false,"cityCode":false,"municipalityCode":"051604000","districtCode":false,"provinceCode":"051600000","regionCode":"050000000","islandGroupCode":"luzon","psgc10DigitCode":"0501604011"},{"code":"051604012","name":"San Ramon","oldName":"","subMunicipalityCode":false,"cityCode":false,"municipalityCode":"051604000","districtCode":false,"provinceCode":"051600000","regionCode":"050000000","islandGroupCode":"luzon","psgc10DigitCode":"0501604012"},{"code":"051605001","name":"Bagong Bayan","oldName":"","subMunicipalityCode":false,"cityCode":false,"municipalityCode":"051605000","districtCode":false,"provinceCode":"051600000","regionCode":"050000000","islandGroupCode":"luzon","psgc10DigitCode":"0501605001"},{"code":"051605002","name":"Calero","oldName":"","subMunicipalityCode":false,"cityCode":false,"municipalityCode":"051605000","districtCode":false,"provinceCode":"051600000","regionCode":"050000000","islandGroupCode":"luzon","psgc10DigitCode":"0501605002"},{"code":"051605003","name":"Dahican","oldName":"","subMunicipalityCode":false,"cityCode":false,"municipalityCode":"051605000","districtCode":false,"provinceCode":"051600000","regionCode":"050000000","islandGroupCode":"luzon","psgc10DigitCode":"0501605003"},{"code":"051605004","name":"Dayhagan","oldName":"","subMunicipalityCode":false,"cityCode":false,"municipalityCode":"051605000","districtCode":false,"provinceCode":"051600000","regionCode":"050000000","islandGroupCode":"luzon","psgc10DigitCode":"0501605004"},{"code":"051605005","name":"Larap","oldName":"","subMunicipalityCode":false,"cityCode":false,"municipalityCode":"051605000","districtCode":false,"provinceCode":"051600000","regionCode":"050000000","islandGroupCode":"luzon","psgc10DigitCode":"0501605005"},{"code":"051605006","name":"Luklukan Norte","oldName":"","subMunicipalityCode":false,"cityCode":false,"municipalityCode":"051605000","districtCode":false,"provinceCode":"051600000","regionCode":"050000000","islandGroupCode":"luzon","psgc10DigitCode":"0501605006"},{"code":"051605007","name":"Luklukan Sur","oldName":"","subMunicipalityCode":false,"cityCode":false,"municipalityCode":"051605000","districtCode":false,"provinceCode":"051600000","regionCode":"050000000","islandGroupCode":"luzon","psgc10DigitCode":"0501605007"},{"code":"051605008","name":"Motherlode","oldName":"","subMunicipalityCode":false,"cityCode":false,"municipalityCode":"051605000","districtCode":false,"provinceCode":"051600000","regionCode":"050000000","islandGroupCode":"luzon","psgc10DigitCode":"0501605008"},{"code":"051605009","name":"Nakalaya","oldName":"","subMunicipalityCode":false,"cityCode":false,"municipalityCode":"051605000","districtCode":false,"provinceCode":"051600000","regionCode":"050000000","islandGroupCode":"luzon","psgc10DigitCode":"0501605009"},{"code":"051605010","name":"Osmeña","oldName":"","subMunicipalityCode":false,"cityCode":false,"municipalityCode":"051605000","districtCode":false,"provinceCode":"051600000","regionCode":"050000000","islandGroupCode":"luzon","psgc10DigitCode":"0501605010"},{"code":"051605011","name":"Pag-Asa","oldName":"","subMunicipalityCode":false,"cityCode":false,"municipalityCode":"051605000","districtCode":false,"provinceCode":"051600000","regionCode":"050000000","islandGroupCode":"luzon","psgc10DigitCode":"0501605011"},{"code":"051605012","name":"Parang","oldName":"","subMunicipalityCode":false,"cityCode":false,"municipalityCode":"051605000","districtCode":false,"provinceCode":"051600000","regionCode":"050000000","islandGroupCode":"luzon","psgc10DigitCode":"0501605012"},{"code":"051605013","name":"Plaridel","oldName":"","subMunicipalityCode":false,"cityCode":false,"municipalityCode":"051605000","districtCode":false,"provinceCode":"051600000","regionCode":"050000000","islandGroupCode":"luzon","psgc10DigitCode":"0501605013"},{"code":"051605014","name":"North Poblacion","oldName":"","subMunicipalityCode":false,"cityCode":false,"municipalityCode":"051605000","districtCode":false,"provinceCode":"051600000","regionCode":"050000000","islandGroupCode":"luzon","psgc10DigitCode":"0501605014"},{"code":"051605015","name":"South Poblacion","oldName":"","subMunicipalityCode":false,"cityCode":false,"municipalityCode":"051605000","districtCode":false,"provinceCode":"051600000","regionCode":"050000000","islandGroupCode":"luzon","psgc10DigitCode":"0501605015"},{"code":"051605016","name":"Salvacion","oldName":"","subMunicipalityCode":false,"cityCode":false,"municipalityCode":"051605000","districtCode":false,"provinceCode":"051600000","regionCode":"050000000","islandGroupCode":"luzon","psgc10DigitCode":"0501605016"},{"code":"051605017","name":"San Isidro","oldName":"","subMunicipalityCode":false,"cityCode":false,"municipalityCode":"051605000","districtCode":false,"provinceCode":"051600000","regionCode":"050000000","islandGroupCode":"luzon","psgc10DigitCode":"0501605017"},{"code":"051605018","name":"San Jose","oldName":"","subMunicipalityCode":false,"cityCode":false,"municipalityCode":"051605000","districtCode":false,"provinceCode":"051600000","regionCode":"050000000","islandGroupCode":"luzon","psgc10DigitCode":"0501605018"},{"code":"051605019","name":"San Martin","oldName":"","subMunicipalityCode":false,"cityCode":false,"municipalityCode":"051605000","districtCode":false,"provinceCode":"051600000","regionCode":"050000000","islandGroupCode":"luzon","psgc10DigitCode":"0501605019"},{"code":"051605020","name":"San Pedro","oldName":"","subMunicipalityCode":false,"cityCode":false,"municipalityCode":"051605000","districtCode":false,"provinceCode":"051600000","regionCode":"050000000","islandGroupCode":"luzon","psgc10DigitCode":"0501605020"},{"code":"051605021","name":"San Rafael","oldName":"","subMunicipalityCode":false,"cityCode":false,"municipalityCode":"051605000","districtCode":false,"provinceCode":"051600000","regionCode":"050000000","islandGroupCode":"luzon","psgc10DigitCode":"0501605021"},{"code":"051605022","name":"Santa Cruz","oldName":"","subMunicipalityCode":false,"cityCode":false,"municipalityCode":"051605000","districtCode":false,"provinceCode":"051600000","regionCode":"050000000","islandGroupCode":"luzon","psgc10DigitCode":"0501605022"},{"code":"051605023","name":"Santa Elena","oldName":"","subMunicipalityCode":false,"cityCode":false,"municipalityCode":"051605000","districtCode":false,"provinceCode":"051600000","regionCode":"050000000","islandGroupCode":"luzon","psgc10DigitCode":"0501605023"},{"code":"051605024","name":"Santa Milagrosa","oldName":"","subMunicipalityCode":false,"cityCode":false,"municipalityCode":"051605000","districtCode":false,"provinceCode":"051600000","regionCode":"050000000","islandGroupCode":"luzon","psgc10DigitCode":"0501605024"},{"code":"051605025","name":"Santa Rosa Norte","oldName":"","subMunicipalityCode":false,"cityCode":false,"municipalityCode":"051605000","districtCode":false,"provinceCode":"051600000","regionCode":"050000000","islandGroupCode":"luzon","psgc10DigitCode":"0501605025"},{"code":"051605026","name":"Santa Rosa Sur","oldName":"","subMunicipalityCode":false,"cityCode":false,"municipalityCode":"051605000","districtCode":false,"provinceCode":"051600000","regionCode":"050000000","islandGroupCode":"luzon","psgc10DigitCode":"0501605026"},{"code":"051605027","name":"Tamisan","oldName":"","subMunicipalityCode":false,"cityCode":false,"municipalityCode":"051605000","districtCode":false,"provinceCode":"051600000","regionCode":"050000000","islandGroupCode":"luzon","psgc10DigitCode":"0501605027"},{"code":"051606001","name":"Anameam","oldName":"","subMunicipalityCode":false,"cityCode":false,"municipalityCode":"051606000","districtCode":false,"provinceCode":"051600000","regionCode":"050000000","islandGroupCode":"luzon","psgc10DigitCode":"0501606001"},{"code":"051606002","name":"Awitan","oldName":"","subMunicipalityCode":false,"cityCode":false,"municipalityCode":"051606000","districtCode":false,"provinceCode":"051600000","regionCode":"050000000","islandGroupCode":"luzon","psgc10DigitCode":"0501606002"},{"code":"051606003","name":"Baay","oldName":"","subMunicipalityCode":false,"cityCode":false,"municipalityCode":"051606000","districtCode":false,"provinceCode":"051600000","regionCode":"050000000","islandGroupCode":"luzon","psgc10DigitCode":"0501606003"},{"code":"051606004","name":"Bagacay","oldName":"","subMunicipalityCode":false,"cityCode":false,"municipalityCode":"051606000","districtCode":false,"provinceCode":"051600000","regionCode":"050000000","islandGroupCode":"luzon","psgc10DigitCode":"0501606004"},{"code":"051606005","name":"Bagong Silang I","oldName":"","subMunicipalityCode":false,"cityCode":false,"municipalityCode":"051606000","districtCode":false,"provinceCode":"051600000","regionCode":"050000000","islandGroupCode":"luzon","psgc10DigitCode":"0501606005"},{"code":"051606006","name":"Bagong Silang II","oldName":"","subMunicipalityCode":false,"cityCode":false,"municipalityCode":"051606000","districtCode":false,"provinceCode":"051600000","regionCode":"050000000","islandGroupCode":"luzon","psgc10DigitCode":"0501606006"},{"code":"051606007","name":"Bakiad","oldName":"","subMunicipalityCode":false,"cityCode":false,"municipalityCode":"051606000","districtCode":false,"provinceCode":"051600000","regionCode":"050000000","islandGroupCode":"luzon","psgc10DigitCode":"0501606007"},{"code":"051606008","name":"Bautista","oldName":"","subMunicipalityCode":false,"cityCode":false,"municipalityCode":"051606000","districtCode":false,"provinceCode":"051600000","regionCode":"050000000","islandGroupCode":"luzon","psgc10DigitCode":"0501606008"},{"code":"051606009","name":"Bayabas","oldName":"","subMunicipalityCode":false,"cityCode":false,"municipalityCode":"051606000","districtCode":false,"provinceCode":"051600000","regionCode":"050000000","islandGroupCode":"luzon","psgc10DigitCode":"0501606009"},{"code":"051606010","name":"Bayan-bayan","oldName":"","subMunicipalityCode":false,"cityCode":false,"municipalityCode":"051606000","districtCode":false,"provinceCode":"051600000","regionCode":"050000000","islandGroupCode":"luzon","psgc10DigitCode":"0501606010"},{"code":"051606011","name":"Benit","oldName":"","subMunicipalityCode":false,"cityCode":false,"municipalityCode":"051606000","districtCode":false,"provinceCode":"051600000","regionCode":"050000000","islandGroupCode":"luzon","psgc10DigitCode":"0501606011"},{"code":"051606012","name":"Anahaw (Pob.)","oldName":"","subMunicipalityCode":false,"cityCode":false,"municipalityCode":"051606000","districtCode":false,"provinceCode":"051600000","regionCode":"050000000","islandGroupCode":"luzon","psgc10DigitCode":"0501606012"},{"code":"051606013","name":"Gumamela (Pob.)","oldName":"","subMunicipalityCode":false,"cityCode":false,"municipalityCode":"051606000","districtCode":false,"provinceCode":"051600000","regionCode":"050000000","islandGroupCode":"luzon","psgc10DigitCode":"0501606013"},{"code":"051606014","name":"San Francisco (Pob.)","oldName":"","subMunicipalityCode":false,"cityCode":false,"municipalityCode":"051606000","districtCode":false,"provinceCode":"051600000","regionCode":"050000000","islandGroupCode":"luzon","psgc10DigitCode":"0501606014"},{"code":"051606015","name":"Kalamunding (Pob.)","oldName":"","subMunicipalityCode":false,"cityCode":false,"municipalityCode":"051606000","districtCode":false,"provinceCode":"051600000","regionCode":"050000000","islandGroupCode":"luzon","psgc10DigitCode":"0501606015"},{"code":"051606016","name":"Bulhao","oldName":"","subMunicipalityCode":false,"cityCode":false,"municipalityCode":"051606000","districtCode":false,"provinceCode":"051600000","regionCode":"050000000","islandGroupCode":"luzon","psgc10DigitCode":"0501606016"},{"code":"051606017","name":"Cabatuhan","oldName":"","subMunicipalityCode":false,"cityCode":false,"municipalityCode":"051606000","districtCode":false,"provinceCode":"051600000","regionCode":"050000000","islandGroupCode":"luzon","psgc10DigitCode":"0501606017"},{"code":"051606018","name":"Cabusay","oldName":"","subMunicipalityCode":false,"cityCode":false,"municipalityCode":"051606000","districtCode":false,"provinceCode":"051600000","regionCode":"050000000","islandGroupCode":"luzon","psgc10DigitCode":"0501606018"},{"code":"051606019","name":"Calabasa","oldName":"","subMunicipalityCode":false,"cityCode":false,"municipalityCode":"051606000","districtCode":false,"provinceCode":"051600000","regionCode":"050000000","islandGroupCode":"luzon","psgc10DigitCode":"0501606019"},{"code":"051606020","name":"Canapawan","oldName":"","subMunicipalityCode":false,"cityCode":false,"municipalityCode":"051606000","districtCode":false,"provinceCode":"051600000","regionCode":"050000000","islandGroupCode":"luzon","psgc10DigitCode":"0501606020"},{"code":"051606021","name":"Daguit","oldName":"","subMunicipalityCode":false,"cityCode":false,"municipalityCode":"051606000","districtCode":false,"provinceCode":"051600000","regionCode":"050000000","islandGroupCode":"luzon","psgc10DigitCode":"0501606021"},{"code":"051606022","name":"Dalas","oldName":"","subMunicipalityCode":false,"cityCode":false,"municipalityCode":"051606000","districtCode":false,"provinceCode":"051600000","regionCode":"050000000","islandGroupCode":"luzon","psgc10DigitCode":"0501606022"},{"code":"051606023","name":"Dumagmang","oldName":"","subMunicipalityCode":false,"cityCode":false,"municipalityCode":"051606000","districtCode":false,"provinceCode":"051600000","regionCode":"050000000","islandGroupCode":"luzon","psgc10DigitCode":"0501606023"},{"code":"051606024","name":"Exciban","oldName":"","subMunicipalityCode":false,"cityCode":false,"municipalityCode":"051606000","districtCode":false,"provinceCode":"051600000","regionCode":"050000000","islandGroupCode":"luzon","psgc10DigitCode":"0501606024"},{"code":"051606025","name":"Fundado","oldName":"","subMunicipalityCode":false,"cityCode":false,"municipalityCode":"051606000","districtCode":false,"provinceCode":"051600000","regionCode":"050000000","islandGroupCode":"luzon","psgc10DigitCode":"0501606025"},{"code":"051606026","name":"Guinacutan","oldName":"","subMunicipalityCode":false,"cityCode":false,"municipalityCode":"051606000","districtCode":false,"provinceCode":"051600000","regionCode":"050000000","islandGroupCode":"luzon","psgc10DigitCode":"0501606026"},{"code":"051606027","name":"Guisican","oldName":"","subMunicipalityCode":false,"cityCode":false,"municipalityCode":"051606000","districtCode":false,"provinceCode":"051600000","regionCode":"050000000","islandGroupCode":"luzon","psgc10DigitCode":"0501606027"},{"code":"051606028","name":"Iberica","oldName":"","subMunicipalityCode":false,"cityCode":false,"municipalityCode":"051606000","districtCode":false,"provinceCode":"051600000","regionCode":"050000000","islandGroupCode":"luzon","psgc10DigitCode":"0501606028"},{"code":"051606030","name":"Lugui","oldName":"","subMunicipalityCode":false,"cityCode":false,"municipalityCode":"051606000","districtCode":false,"provinceCode":"051600000","regionCode":"050000000","islandGroupCode":"luzon","psgc10DigitCode":"0501606030"},{"code":"051606031","name":"Mabilo I","oldName":"","subMunicipalityCode":false,"cityCode":false,"municipalityCode":"051606000","districtCode":false,"provinceCode":"051600000","regionCode":"050000000","islandGroupCode":"luzon","psgc10DigitCode":"0501606031"},{"code":"051606032","name":"Mabilo II","oldName":"","subMunicipalityCode":false,"cityCode":false,"municipalityCode":"051606000","districtCode":false,"provinceCode":"051600000","regionCode":"050000000","islandGroupCode":"luzon","psgc10DigitCode":"0501606032"},{"code":"051606033","name":"Macogon","oldName":"","subMunicipalityCode":false,"cityCode":false,"municipalityCode":"051606000","districtCode":false,"provinceCode":"051600000","regionCode":"050000000","islandGroupCode":"luzon","psgc10DigitCode":"0501606033"},{"code":"051606034","name":"Mahawan-hawan","oldName":"","subMunicipalityCode":false,"cityCode":false,"municipalityCode":"051606000","districtCode":false,"provinceCode":"051600000","regionCode":"050000000","islandGroupCode":"luzon","psgc10DigitCode":"0501606034"},{"code":"051606035","name":"Malangcao-Basud","oldName":"","subMunicipalityCode":false,"cityCode":false,"municipalityCode":"051606000","districtCode":false,"provinceCode":"051600000","regionCode":"050000000","islandGroupCode":"luzon","psgc10DigitCode":"0501606035"},{"code":"051606036","name":"Malasugui","oldName":"","subMunicipalityCode":false,"cityCode":false,"municipalityCode":"051606000","districtCode":false,"provinceCode":"051600000","regionCode":"050000000","islandGroupCode":"luzon","psgc10DigitCode":"0501606036"},{"code":"051606037","name":"Malatap","oldName":"","subMunicipalityCode":false,"cityCode":false,"municipalityCode":"051606000","districtCode":false,"provinceCode":"051600000","regionCode":"050000000","islandGroupCode":"luzon","psgc10DigitCode":"0501606037"},{"code":"051606038","name":"Malaya","oldName":"","subMunicipalityCode":false,"cityCode":false,"municipalityCode":"051606000","districtCode":false,"provinceCode":"051600000","regionCode":"050000000","islandGroupCode":"luzon","psgc10DigitCode":"0501606038"},{"code":"051606039","name":"Malibago","oldName":"","subMunicipalityCode":false,"cityCode":false,"municipalityCode":"051606000","districtCode":false,"provinceCode":"051600000","regionCode":"050000000","islandGroupCode":"luzon","psgc10DigitCode":"0501606039"},{"code":"051606040","name":"Maot","oldName":"","subMunicipalityCode":false,"cityCode":false,"municipalityCode":"051606000","districtCode":false,"provinceCode":"051600000","regionCode":"050000000","islandGroupCode":"luzon","psgc10DigitCode":"0501606040"},{"code":"051606041","name":"Masalong","oldName":"","subMunicipalityCode":false,"cityCode":false,"municipalityCode":"051606000","districtCode":false,"provinceCode":"051600000","regionCode":"050000000","islandGroupCode":"luzon","psgc10DigitCode":"0501606041"},{"code":"051606042","name":"Matanlang","oldName":"","subMunicipalityCode":false,"cityCode":false,"municipalityCode":"051606000","districtCode":false,"provinceCode":"051600000","regionCode":"050000000","islandGroupCode":"luzon","psgc10DigitCode":"0501606042"},{"code":"051606043","name":"Napaod","oldName":"","subMunicipalityCode":false,"cityCode":false,"municipalityCode":"051606000","districtCode":false,"provinceCode":"051600000","regionCode":"050000000","islandGroupCode":"luzon","psgc10DigitCode":"0501606043"},{"code":"051606044","name":"Pag-Asa","oldName":"","subMunicipalityCode":false,"cityCode":false,"municipalityCode":"051606000","districtCode":false,"provinceCode":"051600000","regionCode":"050000000","islandGroupCode":"luzon","psgc10DigitCode":"0501606044"},{"code":"051606045","name":"Pangpang","oldName":"","subMunicipalityCode":false,"cityCode":false,"municipalityCode":"051606000","districtCode":false,"provinceCode":"051600000","regionCode":"050000000","islandGroupCode":"luzon","psgc10DigitCode":"0501606045"},{"code":"051606046","name":"Pinya (Pob.)","oldName":"","subMunicipalityCode":false,"cityCode":false,"municipalityCode":"051606000","districtCode":false,"provinceCode":"051600000","regionCode":"050000000","islandGroupCode":"luzon","psgc10DigitCode":"0501606046"},{"code":"051606047","name":"San Antonio","oldName":"","subMunicipalityCode":false,"cityCode":false,"municipalityCode":"051606000","districtCode":false,"provinceCode":"051600000","regionCode":"050000000","islandGroupCode":"luzon","psgc10DigitCode":"0501606047"},{"code":"051606048","name":"Santa Cruz","oldName":"","subMunicipalityCode":false,"cityCode":false,"municipalityCode":"051606000","districtCode":false,"provinceCode":"051600000","regionCode":"050000000","islandGroupCode":"luzon","psgc10DigitCode":"0501606048"},{"code":"051606049","name":"Bagong Silang III","oldName":"Silang","subMunicipalityCode":false,"cityCode":false,"municipalityCode":"051606000","districtCode":false,"provinceCode":"051600000","regionCode":"050000000","islandGroupCode":"luzon","psgc10DigitCode":"0501606049"},{"code":"051606050","name":"Submakin","oldName":"","subMunicipalityCode":false,"cityCode":false,"municipalityCode":"051606000","districtCode":false,"provinceCode":"051600000","regionCode":"050000000","islandGroupCode":"luzon","psgc10DigitCode":"0501606050"},{"code":"051606051","name":"Talobatib","oldName":"","subMunicipalityCode":false,"cityCode":false,"municipalityCode":"051606000","districtCode":false,"provinceCode":"051600000","regionCode":"050000000","islandGroupCode":"luzon","psgc10DigitCode":"0501606051"},{"code":"051606052","name":"Tigbinan","oldName":"","subMunicipalityCode":false,"cityCode":false,"municipalityCode":"051606000","districtCode":false,"provinceCode":"051600000","regionCode":"050000000","islandGroupCode":"luzon","psgc10DigitCode":"0501606052"},{"code":"051606053","name":"Tulay Na Lupa","oldName":"","subMunicipalityCode":false,"cityCode":false,"municipalityCode":"051606000","districtCode":false,"provinceCode":"051600000","regionCode":"050000000","islandGroupCode":"luzon","psgc10DigitCode":"0501606053"},{"code":"051607001","name":"Apuao","oldName":"","subMunicipalityCode":false,"cityCode":false,"municipalityCode":"051607000","districtCode":false,"provinceCode":"051600000","regionCode":"050000000","islandGroupCode":"luzon","psgc10DigitCode":"0501607001"},{"code":"051607002","name":"Barangay I (Pob.)","oldName":"","subMunicipalityCode":false,"cityCode":false,"municipalityCode":"051607000","districtCode":false,"provinceCode":"051600000","regionCode":"050000000","islandGroupCode":"luzon","psgc10DigitCode":"0501607002"},{"code":"051607003","name":"Barangay II (Pob.)","oldName":"","subMunicipalityCode":false,"cityCode":false,"municipalityCode":"051607000","districtCode":false,"provinceCode":"051600000","regionCode":"050000000","islandGroupCode":"luzon","psgc10DigitCode":"0501607003"},{"code":"051607004","name":"Barangay III (Pob.)","oldName":"","subMunicipalityCode":false,"cityCode":false,"municipalityCode":"051607000","districtCode":false,"provinceCode":"051600000","regionCode":"050000000","islandGroupCode":"luzon","psgc10DigitCode":"0501607004"},{"code":"051607005","name":"Barangay IV (Pob.)","oldName":"","subMunicipalityCode":false,"cityCode":false,"municipalityCode":"051607000","districtCode":false,"provinceCode":"051600000","regionCode":"050000000","islandGroupCode":"luzon","psgc10DigitCode":"0501607005"},{"code":"051607006","name":"Barangay V (Pob.)","oldName":"","subMunicipalityCode":false,"cityCode":false,"municipalityCode":"051607000","districtCode":false,"provinceCode":"051600000","regionCode":"050000000","islandGroupCode":"luzon","psgc10DigitCode":"0501607006"},{"code":"051607007","name":"Barangay VI (Pob.)","oldName":"","subMunicipalityCode":false,"cityCode":false,"municipalityCode":"051607000","districtCode":false,"provinceCode":"051600000","regionCode":"050000000","islandGroupCode":"luzon","psgc10DigitCode":"0501607007"},{"code":"051607008","name":"Barangay VII (Pob.)","oldName":"","subMunicipalityCode":false,"cityCode":false,"municipalityCode":"051607000","districtCode":false,"provinceCode":"051600000","regionCode":"050000000","islandGroupCode":"luzon","psgc10DigitCode":"0501607008"},{"code":"051607009","name":"Caringo","oldName":"","subMunicipalityCode":false,"cityCode":false,"municipalityCode":"051607000","districtCode":false,"provinceCode":"051600000","regionCode":"050000000","islandGroupCode":"luzon","psgc10DigitCode":"0501607009"},{"code":"051607010","name":"Catandunganon","oldName":"","subMunicipalityCode":false,"cityCode":false,"municipalityCode":"051607000","districtCode":false,"provinceCode":"051600000","regionCode":"050000000","islandGroupCode":"luzon","psgc10DigitCode":"0501607010"},{"code":"051607011","name":"Cayucyucan","oldName":"","subMunicipalityCode":false,"cityCode":false,"municipalityCode":"051607000","districtCode":false,"provinceCode":"051600000","regionCode":"050000000","islandGroupCode":"luzon","psgc10DigitCode":"0501607011"},{"code":"051607012","name":"Colasi","oldName":"","subMunicipalityCode":false,"cityCode":false,"municipalityCode":"051607000","districtCode":false,"provinceCode":"051600000","regionCode":"050000000","islandGroupCode":"luzon","psgc10DigitCode":"0501607012"},{"code":"051607013","name":"Del Rosario","oldName":"Tagongtong","subMunicipalityCode":false,"cityCode":false,"municipalityCode":"051607000","districtCode":false,"provinceCode":"051600000","regionCode":"050000000","islandGroupCode":"luzon","psgc10DigitCode":"0501607013"},{"code":"051607014","name":"Gaboc","oldName":"","subMunicipalityCode":false,"cityCode":false,"municipalityCode":"051607000","districtCode":false,"provinceCode":"051600000","regionCode":"050000000","islandGroupCode":"luzon","psgc10DigitCode":"0501607014"},{"code":"051607015","name":"Hamoraon","oldName":"","subMunicipalityCode":false,"cityCode":false,"municipalityCode":"051607000","districtCode":false,"provinceCode":"051600000","regionCode":"050000000","islandGroupCode":"luzon","psgc10DigitCode":"0501607015"},{"code":"051607016","name":"Hinipaan","oldName":"","subMunicipalityCode":false,"cityCode":false,"municipalityCode":"051607000","districtCode":false,"provinceCode":"051600000","regionCode":"050000000","islandGroupCode":"luzon","psgc10DigitCode":"0501607016"},{"code":"051607017","name":"Lalawigan","oldName":"","subMunicipalityCode":false,"cityCode":false,"municipalityCode":"051607000","districtCode":false,"provinceCode":"051600000","regionCode":"050000000","islandGroupCode":"luzon","psgc10DigitCode":"0501607017"},{"code":"051607018","name":"Lanot","oldName":"","subMunicipalityCode":false,"cityCode":false,"municipalityCode":"051607000","districtCode":false,"provinceCode":"051600000","regionCode":"050000000","islandGroupCode":"luzon","psgc10DigitCode":"0501607018"},{"code":"051607019","name":"Mambungalon","oldName":"","subMunicipalityCode":false,"cityCode":false,"municipalityCode":"051607000","districtCode":false,"provinceCode":"051600000","regionCode":"050000000","islandGroupCode":"luzon","psgc10DigitCode":"0501607019"},{"code":"051607020","name":"Manguisoc","oldName":"","subMunicipalityCode":false,"cityCode":false,"municipalityCode":"051607000","districtCode":false,"provinceCode":"051600000","regionCode":"050000000","islandGroupCode":"luzon","psgc10DigitCode":"0501607020"},{"code":"051607021","name":"Masalongsalong","oldName":"","subMunicipalityCode":false,"cityCode":false,"municipalityCode":"051607000","districtCode":false,"provinceCode":"051600000","regionCode":"050000000","islandGroupCode":"luzon","psgc10DigitCode":"0501607021"},{"code":"051607022","name":"Matoogtoog","oldName":"","subMunicipalityCode":false,"cityCode":false,"municipalityCode":"051607000","districtCode":false,"provinceCode":"051600000","regionCode":"050000000","islandGroupCode":"luzon","psgc10DigitCode":"0501607022"},{"code":"051607023","name":"Pambuhan","oldName":"","subMunicipalityCode":false,"cityCode":false,"municipalityCode":"051607000","districtCode":false,"provinceCode":"051600000","regionCode":"050000000","islandGroupCode":"luzon","psgc10DigitCode":"0501607023"},{"code":"051607024","name":"Quinapaguian","oldName":"","subMunicipalityCode":false,"cityCode":false,"municipalityCode":"051607000","districtCode":false,"provinceCode":"051600000","regionCode":"050000000","islandGroupCode":"luzon","psgc10DigitCode":"0501607024"},{"code":"051607025","name":"San Roque","oldName":"","subMunicipalityCode":false,"cityCode":false,"municipalityCode":"051607000","districtCode":false,"provinceCode":"051600000","regionCode":"050000000","islandGroupCode":"luzon","psgc10DigitCode":"0501607025"},{"code":"051607026","name":"Tarum","oldName":"","subMunicipalityCode":false,"cityCode":false,"municipalityCode":"051607000","districtCode":false,"provinceCode":"051600000","regionCode":"050000000","islandGroupCode":"luzon","psgc10DigitCode":"0501607026"},{"code":"051608001","name":"Awitan","oldName":"","subMunicipalityCode":false,"cityCode":false,"municipalityCode":"051608000","districtCode":false,"provinceCode":"051600000","regionCode":"050000000","islandGroupCode":"luzon","psgc10DigitCode":"0501608001"},{"code":"051608002","name":"Bagumbayan","oldName":"","subMunicipalityCode":false,"cityCode":false,"municipalityCode":"051608000","districtCode":false,"provinceCode":"051600000","regionCode":"050000000","islandGroupCode":"luzon","psgc10DigitCode":"0501608002"},{"code":"051608003","name":"Bakal","oldName":"","subMunicipalityCode":false,"cityCode":false,"municipalityCode":"051608000","districtCode":false,"provinceCode":"051600000","regionCode":"050000000","islandGroupCode":"luzon","psgc10DigitCode":"0501608003"},{"code":"051608004","name":"Batobalani","oldName":"","subMunicipalityCode":false,"cityCode":false,"municipalityCode":"051608000","districtCode":false,"provinceCode":"051600000","regionCode":"050000000","islandGroupCode":"luzon","psgc10DigitCode":"0501608004"},{"code":"051608005","name":"Calaburnay","oldName":"","subMunicipalityCode":false,"cityCode":false,"municipalityCode":"051608000","districtCode":false,"provinceCode":"051600000","regionCode":"050000000","islandGroupCode":"luzon","psgc10DigitCode":"0501608005"},{"code":"051608006","name":"Capacuan","oldName":"","subMunicipalityCode":false,"cityCode":false,"municipalityCode":"051608000","districtCode":false,"provinceCode":"051600000","regionCode":"050000000","islandGroupCode":"luzon","psgc10DigitCode":"0501608006"},{"code":"051608007","name":"Casalugan","oldName":"","subMunicipalityCode":false,"cityCode":false,"municipalityCode":"051608000","districtCode":false,"provinceCode":"051600000","regionCode":"050000000","islandGroupCode":"luzon","psgc10DigitCode":"0501608007"},{"code":"051608008","name":"Dagang","oldName":"","subMunicipalityCode":false,"cityCode":false,"municipalityCode":"051608000","districtCode":false,"provinceCode":"051600000","regionCode":"050000000","islandGroupCode":"luzon","psgc10DigitCode":"0501608008"},{"code":"051608009","name":"Dalnac","oldName":"","subMunicipalityCode":false,"cityCode":false,"municipalityCode":"051608000","districtCode":false,"provinceCode":"051600000","regionCode":"050000000","islandGroupCode":"luzon","psgc10DigitCode":"0501608009"},{"code":"051608010","name":"Dancalan","oldName":"","subMunicipalityCode":false,"cityCode":false,"municipalityCode":"051608000","districtCode":false,"provinceCode":"051600000","regionCode":"050000000","islandGroupCode":"luzon","psgc10DigitCode":"0501608010"},{"code":"051608011","name":"Gumaus","oldName":"","subMunicipalityCode":false,"cityCode":false,"municipalityCode":"051608000","districtCode":false,"provinceCode":"051600000","regionCode":"050000000","islandGroupCode":"luzon","psgc10DigitCode":"0501608011"},{"code":"051608012","name":"Labnig","oldName":"","subMunicipalityCode":false,"cityCode":false,"municipalityCode":"051608000","districtCode":false,"provinceCode":"051600000","regionCode":"050000000","islandGroupCode":"luzon","psgc10DigitCode":"0501608012"},{"code":"051608013","name":"Macolabo Island","oldName":"","subMunicipalityCode":false,"cityCode":false,"municipalityCode":"051608000","districtCode":false,"provinceCode":"051600000","regionCode":"050000000","islandGroupCode":"luzon","psgc10DigitCode":"0501608013"},{"code":"051608014","name":"Malacbang","oldName":"","subMunicipalityCode":false,"cityCode":false,"municipalityCode":"051608000","districtCode":false,"provinceCode":"051600000","regionCode":"050000000","islandGroupCode":"luzon","psgc10DigitCode":"0501608014"},{"code":"051608015","name":"Malaguit","oldName":"","subMunicipalityCode":false,"cityCode":false,"municipalityCode":"051608000","districtCode":false,"provinceCode":"051600000","regionCode":"050000000","islandGroupCode":"luzon","psgc10DigitCode":"0501608015"},{"code":"051608016","name":"Mampungo","oldName":"","subMunicipalityCode":false,"cityCode":false,"municipalityCode":"051608000","districtCode":false,"provinceCode":"051600000","regionCode":"050000000","islandGroupCode":"luzon","psgc10DigitCode":"0501608016"},{"code":"051608017","name":"Mangkasay","oldName":"","subMunicipalityCode":false,"cityCode":false,"municipalityCode":"051608000","districtCode":false,"provinceCode":"051600000","regionCode":"050000000","islandGroupCode":"luzon","psgc10DigitCode":"0501608017"},{"code":"051608018","name":"Maybato","oldName":"","subMunicipalityCode":false,"cityCode":false,"municipalityCode":"051608000","districtCode":false,"provinceCode":"051600000","regionCode":"050000000","islandGroupCode":"luzon","psgc10DigitCode":"0501608018"},{"code":"051608019","name":"Palanas","oldName":"","subMunicipalityCode":false,"cityCode":false,"municipalityCode":"051608000","districtCode":false,"provinceCode":"051600000","regionCode":"050000000","islandGroupCode":"luzon","psgc10DigitCode":"0501608019"},{"code":"051608020","name":"Pinagbirayan Malaki","oldName":"","subMunicipalityCode":false,"cityCode":false,"municipalityCode":"051608000","districtCode":false,"provinceCode":"051600000","regionCode":"050000000","islandGroupCode":"luzon","psgc10DigitCode":"0501608020"},{"code":"051608021","name":"Pinagbirayan Munti","oldName":"","subMunicipalityCode":false,"cityCode":false,"municipalityCode":"051608000","districtCode":false,"provinceCode":"051600000","regionCode":"050000000","islandGroupCode":"luzon","psgc10DigitCode":"0501608021"},{"code":"051608022","name":"Poblacion Norte","oldName":"","subMunicipalityCode":false,"cityCode":false,"municipalityCode":"051608000","districtCode":false,"provinceCode":"051600000","regionCode":"050000000","islandGroupCode":"luzon","psgc10DigitCode":"0501608022"},{"code":"051608023","name":"Poblacion Sur","oldName":"","subMunicipalityCode":false,"cityCode":false,"municipalityCode":"051608000","districtCode":false,"provinceCode":"051600000","regionCode":"050000000","islandGroupCode":"luzon","psgc10DigitCode":"0501608023"},{"code":"051608024","name":"Tabas","oldName":"","subMunicipalityCode":false,"cityCode":false,"municipalityCode":"051608000","districtCode":false,"provinceCode":"051600000","regionCode":"050000000","islandGroupCode":"luzon","psgc10DigitCode":"0501608024"},{"code":"051608025","name":"Talusan","oldName":"","subMunicipalityCode":false,"cityCode":false,"municipalityCode":"051608000","districtCode":false,"provinceCode":"051600000","regionCode":"050000000","islandGroupCode":"luzon","psgc10DigitCode":"0501608025"},{"code":"051608026","name":"Tawig","oldName":"","subMunicipalityCode":false,"cityCode":false,"municipalityCode":"051608000","districtCode":false,"provinceCode":"051600000","regionCode":"050000000","islandGroupCode":"luzon","psgc10DigitCode":"0501608026"},{"code":"051608027","name":"Tugos","oldName":"","subMunicipalityCode":false,"cityCode":false,"municipalityCode":"051608000","districtCode":false,"provinceCode":"051600000","regionCode":"050000000","islandGroupCode":"luzon","psgc10DigitCode":"0501608027"},{"code":"051609001","name":"Asdum","oldName":"","subMunicipalityCode":false,"cityCode":false,"municipalityCode":"051609000","districtCode":false,"provinceCode":"051600000","regionCode":"050000000","islandGroupCode":"luzon","psgc10DigitCode":"0501609001"},{"code":"051609002","name":"Cabanbanan","oldName":"","subMunicipalityCode":false,"cityCode":false,"municipalityCode":"051609000","districtCode":false,"provinceCode":"051600000","regionCode":"050000000","islandGroupCode":"luzon","psgc10DigitCode":"0501609002"},{"code":"051609003","name":"Calabagas","oldName":"","subMunicipalityCode":false,"cityCode":false,"municipalityCode":"051609000","districtCode":false,"provinceCode":"051600000","regionCode":"050000000","islandGroupCode":"luzon","psgc10DigitCode":"0501609003"},{"code":"051609004","name":"Fabrica","oldName":"","subMunicipalityCode":false,"cityCode":false,"municipalityCode":"051609000","districtCode":false,"provinceCode":"051600000","regionCode":"050000000","islandGroupCode":"luzon","psgc10DigitCode":"0501609004"},{"code":"051609005","name":"Iraya Sur","oldName":"","subMunicipalityCode":false,"cityCode":false,"municipalityCode":"051609000","districtCode":false,"provinceCode":"051600000","regionCode":"050000000","islandGroupCode":"luzon","psgc10DigitCode":"0501609005"},{"code":"051609006","name":"Man-Ogob","oldName":"","subMunicipalityCode":false,"cityCode":false,"municipalityCode":"051609000","districtCode":false,"provinceCode":"051600000","regionCode":"050000000","islandGroupCode":"luzon","psgc10DigitCode":"0501609006"},{"code":"051609007","name":"Poblacion District I","oldName":"Silangan/Bgy. 1","subMunicipalityCode":false,"cityCode":false,"municipalityCode":"051609000","districtCode":false,"provinceCode":"051600000","regionCode":"050000000","islandGroupCode":"luzon","psgc10DigitCode":"0501609007"},{"code":"051609008","name":"Poblacion District II","oldName":"Kanluran/Bgy. 2","subMunicipalityCode":false,"cityCode":false,"municipalityCode":"051609000","districtCode":false,"provinceCode":"051600000","regionCode":"050000000","islandGroupCode":"luzon","psgc10DigitCode":"0501609008"},{"code":"051609009","name":"San Jose","oldName":"Iraya Norte","subMunicipalityCode":false,"cityCode":false,"municipalityCode":"051609000","districtCode":false,"provinceCode":"051600000","regionCode":"050000000","islandGroupCode":"luzon","psgc10DigitCode":"0501609009"},{"code":"051610001","name":"Basiad","oldName":"","subMunicipalityCode":false,"cityCode":false,"municipalityCode":"051610000","districtCode":false,"provinceCode":"051600000","regionCode":"050000000","islandGroupCode":"luzon","psgc10DigitCode":"0501610001"},{"code":"051610002","name":"Bulala","oldName":"","subMunicipalityCode":false,"cityCode":false,"municipalityCode":"051610000","districtCode":false,"provinceCode":"051600000","regionCode":"050000000","islandGroupCode":"luzon","psgc10DigitCode":"0501610002"},{"code":"051610003","name":"Polungguitguit","oldName":"","subMunicipalityCode":false,"cityCode":false,"municipalityCode":"051610000","districtCode":false,"provinceCode":"051600000","regionCode":"050000000","islandGroupCode":"luzon","psgc10DigitCode":"0501610003"},{"code":"051610004","name":"Rizal","oldName":"","subMunicipalityCode":false,"cityCode":false,"municipalityCode":"051610000","districtCode":false,"provinceCode":"051600000","regionCode":"050000000","islandGroupCode":"luzon","psgc10DigitCode":"0501610004"},{"code":"051610005","name":"Salvacion","oldName":"","subMunicipalityCode":false,"cityCode":false,"municipalityCode":"051610000","districtCode":false,"provinceCode":"051600000","regionCode":"050000000","islandGroupCode":"luzon","psgc10DigitCode":"0501610005"},{"code":"051610006","name":"San Lorenzo","oldName":"","subMunicipalityCode":false,"cityCode":false,"municipalityCode":"051610000","districtCode":false,"provinceCode":"051600000","regionCode":"050000000","islandGroupCode":"luzon","psgc10DigitCode":"0501610006"},{"code":"051610007","name":"San Pedro","oldName":"","subMunicipalityCode":false,"cityCode":false,"municipalityCode":"051610000","districtCode":false,"provinceCode":"051600000","regionCode":"050000000","islandGroupCode":"luzon","psgc10DigitCode":"0501610007"},{"code":"051610008","name":"San Vicente","oldName":"","subMunicipalityCode":false,"cityCode":false,"municipalityCode":"051610000","districtCode":false,"provinceCode":"051600000","regionCode":"050000000","islandGroupCode":"luzon","psgc10DigitCode":"0501610008"},{"code":"051610009","name":"Santa Elena (Pob.)","oldName":"","subMunicipalityCode":false,"cityCode":false,"municipalityCode":"051610000","districtCode":false,"provinceCode":"051600000","regionCode":"050000000","islandGroupCode":"luzon","psgc10DigitCode":"0501610009"},{"code":"051610010","name":"Villa San Isidro","oldName":"","subMunicipalityCode":false,"cityCode":false,"municipalityCode":"051610000","districtCode":false,"provinceCode":"051600000","regionCode":"050000000","islandGroupCode":"luzon","psgc10DigitCode":"0501610010"},{"code":"051610011","name":"Don Tomas","oldName":"","subMunicipalityCode":false,"cityCode":false,"municipalityCode":"051610000","districtCode":false,"provinceCode":"051600000","regionCode":"050000000","islandGroupCode":"luzon","psgc10DigitCode":"0501610011"},{"code":"051610012","name":"Guitol","oldName":"","subMunicipalityCode":false,"cityCode":false,"municipalityCode":"051610000","districtCode":false,"provinceCode":"051600000","regionCode":"050000000","islandGroupCode":"luzon","psgc10DigitCode":"0501610012"},{"code":"051610013","name":"Kabuluan","oldName":"","subMunicipalityCode":false,"cityCode":false,"municipalityCode":"051610000","districtCode":false,"provinceCode":"051600000","regionCode":"050000000","islandGroupCode":"luzon","psgc10DigitCode":"0501610013"},{"code":"051610014","name":"Kagtalaba","oldName":"","subMunicipalityCode":false,"cityCode":false,"municipalityCode":"051610000","districtCode":false,"provinceCode":"051600000","regionCode":"050000000","islandGroupCode":"luzon","psgc10DigitCode":"0501610014"},{"code":"051610015","name":"Maulawin","oldName":"","subMunicipalityCode":false,"cityCode":false,"municipalityCode":"051610000","districtCode":false,"provinceCode":"051600000","regionCode":"050000000","islandGroupCode":"luzon","psgc10DigitCode":"0501610015"},{"code":"051610016","name":"Patag Ibaba","oldName":"","subMunicipalityCode":false,"cityCode":false,"municipalityCode":"051610000","districtCode":false,"provinceCode":"051600000","regionCode":"050000000","islandGroupCode":"luzon","psgc10DigitCode":"0501610016"},{"code":"051610017","name":"Patag Iraya","oldName":"","subMunicipalityCode":false,"cityCode":false,"municipalityCode":"051610000","districtCode":false,"provinceCode":"051600000","regionCode":"050000000","islandGroupCode":"luzon","psgc10DigitCode":"0501610017"},{"code":"051610018","name":"Plaridel","oldName":"","subMunicipalityCode":false,"cityCode":false,"municipalityCode":"051610000","districtCode":false,"provinceCode":"051600000","regionCode":"050000000","islandGroupCode":"luzon","psgc10DigitCode":"0501610018"},{"code":"051610019","name":"Tabugon","oldName":"","subMunicipalityCode":false,"cityCode":false,"municipalityCode":"051610000","districtCode":false,"provinceCode":"051600000","regionCode":"050000000","islandGroupCode":"luzon","psgc10DigitCode":"0501610019"},{"code":"051611001","name":"Binanuaan","oldName":"","subMunicipalityCode":false,"cityCode":false,"municipalityCode":"051611000","districtCode":false,"provinceCode":"051600000","regionCode":"050000000","islandGroupCode":"luzon","psgc10DigitCode":"0501611001"},{"code":"051611002","name":"Caawigan","oldName":"","subMunicipalityCode":false,"cityCode":false,"municipalityCode":"051611000","districtCode":false,"provinceCode":"051600000","regionCode":"050000000","islandGroupCode":"luzon","psgc10DigitCode":"0501611002"},{"code":"051611003","name":"Cahabaan","oldName":"","subMunicipalityCode":false,"cityCode":false,"municipalityCode":"051611000","districtCode":false,"provinceCode":"051600000","regionCode":"050000000","islandGroupCode":"luzon","psgc10DigitCode":"0501611003"},{"code":"051611004","name":"Calintaan","oldName":"","subMunicipalityCode":false,"cityCode":false,"municipalityCode":"051611000","districtCode":false,"provinceCode":"051600000","regionCode":"050000000","islandGroupCode":"luzon","psgc10DigitCode":"0501611004"},{"code":"051611005","name":"Del Carmen","oldName":"","subMunicipalityCode":false,"cityCode":false,"municipalityCode":"051611000","districtCode":false,"provinceCode":"051600000","regionCode":"050000000","islandGroupCode":"luzon","psgc10DigitCode":"0501611005"},{"code":"051611006","name":"Gabon","oldName":"","subMunicipalityCode":false,"cityCode":false,"municipalityCode":"051611000","districtCode":false,"provinceCode":"051600000","regionCode":"050000000","islandGroupCode":"luzon","psgc10DigitCode":"0501611006"},{"code":"051611007","name":"Itomang","oldName":"","subMunicipalityCode":false,"cityCode":false,"municipalityCode":"051611000","districtCode":false,"provinceCode":"051600000","regionCode":"050000000","islandGroupCode":"luzon","psgc10DigitCode":"0501611007"},{"code":"051611008","name":"Poblacion","oldName":"","subMunicipalityCode":false,"cityCode":false,"municipalityCode":"051611000","districtCode":false,"provinceCode":"051600000","regionCode":"050000000","islandGroupCode":"luzon","psgc10DigitCode":"0501611008"},{"code":"051611009","name":"San Francisco","oldName":"","subMunicipalityCode":false,"cityCode":false,"municipalityCode":"051611000","districtCode":false,"provinceCode":"051600000","regionCode":"050000000","islandGroupCode":"luzon","psgc10DigitCode":"0501611009"},{"code":"051611010","name":"San Isidro","oldName":"","subMunicipalityCode":false,"cityCode":false,"municipalityCode":"051611000","districtCode":false,"provinceCode":"051600000","regionCode":"050000000","islandGroupCode":"luzon","psgc10DigitCode":"0501611010"},{"code":"051611011","name":"San Jose","oldName":"","subMunicipalityCode":false,"cityCode":false,"municipalityCode":"051611000","districtCode":false,"provinceCode":"051600000","regionCode":"050000000","islandGroupCode":"luzon","psgc10DigitCode":"0501611011"},{"code":"051611012","name":"San Nicolas","oldName":"","subMunicipalityCode":false,"cityCode":false,"municipalityCode":"051611000","districtCode":false,"provinceCode":"051600000","regionCode":"050000000","islandGroupCode":"luzon","psgc10DigitCode":"0501611012"},{"code":"051611013","name":"Santa Cruz","oldName":"","subMunicipalityCode":false,"cityCode":false,"municipalityCode":"051611000","districtCode":false,"provinceCode":"051600000","regionCode":"050000000","islandGroupCode":"luzon","psgc10DigitCode":"0501611013"},{"code":"051611014","name":"Santa Elena","oldName":"","subMunicipalityCode":false,"cityCode":false,"municipalityCode":"051611000","districtCode":false,"provinceCode":"051600000","regionCode":"050000000","islandGroupCode":"luzon","psgc10DigitCode":"0501611014"},{"code":"051611015","name":"Santo Niño","oldName":"","subMunicipalityCode":false,"cityCode":false,"municipalityCode":"051611000","districtCode":false,"provinceCode":"051600000","regionCode":"050000000","islandGroupCode":"luzon","psgc10DigitCode":"0501611015"},{"code":"051612001","name":"Aguit-It","oldName":"","subMunicipalityCode":false,"cityCode":false,"municipalityCode":"051612000","districtCode":false,"provinceCode":"051600000","regionCode":"050000000","islandGroupCode":"luzon","psgc10DigitCode":"0501612001"},{"code":"051612002","name":"Banocboc","oldName":"","subMunicipalityCode":false,"cityCode":false,"municipalityCode":"051612000","districtCode":false,"provinceCode":"051600000","regionCode":"050000000","islandGroupCode":"luzon","psgc10DigitCode":"0501612002"},{"code":"051612004","name":"Cagbalogo","oldName":"","subMunicipalityCode":false,"cityCode":false,"municipalityCode":"051612000","districtCode":false,"provinceCode":"051600000","regionCode":"050000000","islandGroupCode":"luzon","psgc10DigitCode":"0501612004"},{"code":"051612005","name":"Calangcawan Norte","oldName":"","subMunicipalityCode":false,"cityCode":false,"municipalityCode":"051612000","districtCode":false,"provinceCode":"051600000","regionCode":"050000000","islandGroupCode":"luzon","psgc10DigitCode":"0501612005"},{"code":"051612006","name":"Calangcawan Sur","oldName":"","subMunicipalityCode":false,"cityCode":false,"municipalityCode":"051612000","districtCode":false,"provinceCode":"051600000","regionCode":"050000000","islandGroupCode":"luzon","psgc10DigitCode":"0501612006"},{"code":"051612007","name":"Guinacutan","oldName":"","subMunicipalityCode":false,"cityCode":false,"municipalityCode":"051612000","districtCode":false,"provinceCode":"051600000","regionCode":"050000000","islandGroupCode":"luzon","psgc10DigitCode":"0501612007"},{"code":"051612008","name":"Mangcayo","oldName":"","subMunicipalityCode":false,"cityCode":false,"municipalityCode":"051612000","districtCode":false,"provinceCode":"051600000","regionCode":"050000000","islandGroupCode":"luzon","psgc10DigitCode":"0501612008"},{"code":"051612009","name":"Mangcawayan","oldName":"","subMunicipalityCode":false,"cityCode":false,"municipalityCode":"051612000","districtCode":false,"provinceCode":"051600000","regionCode":"050000000","islandGroupCode":"luzon","psgc10DigitCode":"0501612009"},{"code":"051612010","name":"Manlucugan","oldName":"","subMunicipalityCode":false,"cityCode":false,"municipalityCode":"051612000","districtCode":false,"provinceCode":"051600000","regionCode":"050000000","islandGroupCode":"luzon","psgc10DigitCode":"0501612010"},{"code":"051612011","name":"Matango","oldName":"","subMunicipalityCode":false,"cityCode":false,"municipalityCode":"051612000","districtCode":false,"provinceCode":"051600000","regionCode":"050000000","islandGroupCode":"luzon","psgc10DigitCode":"0501612011"},{"code":"051612012","name":"Napilihan","oldName":"","subMunicipalityCode":false,"cityCode":false,"municipalityCode":"051612000","districtCode":false,"provinceCode":"051600000","regionCode":"050000000","islandGroupCode":"luzon","psgc10DigitCode":"0501612012"},{"code":"051612013","name":"Pinagtigasan","oldName":"","subMunicipalityCode":false,"cityCode":false,"municipalityCode":"051612000","districtCode":false,"provinceCode":"051600000","regionCode":"050000000","islandGroupCode":"luzon","psgc10DigitCode":"0501612013"},{"code":"051612014","name":"Barangay I (Pob.)","oldName":"","subMunicipalityCode":false,"cityCode":false,"municipalityCode":"051612000","districtCode":false,"provinceCode":"051600000","regionCode":"050000000","islandGroupCode":"luzon","psgc10DigitCode":"0501612014"},{"code":"051612015","name":"Barangay II (Pob.)","oldName":"","subMunicipalityCode":false,"cityCode":false,"municipalityCode":"051612000","districtCode":false,"provinceCode":"051600000","regionCode":"050000000","islandGroupCode":"luzon","psgc10DigitCode":"0501612015"},{"code":"051612016","name":"Barangay III (Pob.)","oldName":"","subMunicipalityCode":false,"cityCode":false,"municipalityCode":"051612000","districtCode":false,"provinceCode":"051600000","regionCode":"050000000","islandGroupCode":"luzon","psgc10DigitCode":"0501612016"},{"code":"051612017","name":"Sabang","oldName":"","subMunicipalityCode":false,"cityCode":false,"municipalityCode":"051612000","districtCode":false,"provinceCode":"051600000","regionCode":"050000000","islandGroupCode":"luzon","psgc10DigitCode":"0501612017"},{"code":"051612018","name":"Santo Domingo","oldName":"","subMunicipalityCode":false,"cityCode":false,"municipalityCode":"051612000","districtCode":false,"provinceCode":"051600000","regionCode":"050000000","islandGroupCode":"luzon","psgc10DigitCode":"0501612018"},{"code":"051612019","name":"Singi","oldName":"","subMunicipalityCode":false,"cityCode":false,"municipalityCode":"051612000","districtCode":false,"provinceCode":"051600000","regionCode":"050000000","islandGroupCode":"luzon","psgc10DigitCode":"0501612019"},{"code":"051612020","name":"Sula","oldName":"","subMunicipalityCode":false,"cityCode":false,"municipalityCode":"051612000","districtCode":false,"provinceCode":"051600000","regionCode":"050000000","islandGroupCode":"luzon","psgc10DigitCode":"0501612020"}]