[{"code":"031420001","name":"Bagong Buhay I","oldName":"","subMunicipalityCode":false,"cityCode":"031420000","municipalityCode":false,"districtCode":false,"provinceCode":"031400000","regionCode":"030000000","islandGroupCode":"luzon","psgc10DigitCode":"0301420001"},{"code":"031420002","name":"Dulong Bayan","oldName":"","subMunicipalityCode":false,"cityCode":"031420000","municipalityCode":false,"districtCode":false,"provinceCode":"031400000","regionCode":"030000000","islandGroupCode":"luzon","psgc10DigitCode":"0301420002"},{"code":"031420003","name":"Gaya-gaya","oldName":"","subMunicipalityCode":false,"cityCode":"031420000","municipalityCode":false,"districtCode":false,"provinceCode":"031400000","regionCode":"030000000","islandGroupCode":"luzon","psgc10DigitCode":"0301420003"},{"code":"031420004","name":"Kaypian","oldName":"","subMunicipalityCode":false,"cityCode":"031420000","municipalityCode":false,"districtCode":false,"provinceCode":"031400000","regionCode":"030000000","islandGroupCode":"luzon","psgc10DigitCode":"0301420004"},{"code":"031420005","name":"Kaybanban","oldName":"","subMunicipalityCode":false,"cityCode":"031420000","municipalityCode":false,"districtCode":false,"provinceCode":"031400000","regionCode":"030000000","islandGroupCode":"luzon","psgc10DigitCode":"0301420005"},{"code":"031420006","name":"Minuyan I","oldName":"","subMunicipalityCode":false,"cityCode":"031420000","municipalityCode":false,"districtCode":false,"provinceCode":"031400000","regionCode":"030000000","islandGroupCode":"luzon","psgc10DigitCode":"0301420006"},{"code":"031420007","name":"Muzon","oldName":"","subMunicipalityCode":false,"cityCode":"031420000","municipalityCode":false,"districtCode":false,"provinceCode":"031400000","regionCode":"030000000","islandGroupCode":"luzon","psgc10DigitCode":"0301420007"},{"code":"031420008","name":"Poblacion","oldName":"","subMunicipalityCode":false,"cityCode":"031420000","municipalityCode":false,"districtCode":false,"provinceCode":"031400000","regionCode":"030000000","islandGroupCode":"luzon","psgc10DigitCode":"0301420008"},{"code":"031420009","name":"Santo Cristo","oldName":"","subMunicipalityCode":false,"cityCode":"031420000","municipalityCode":false,"districtCode":false,"provinceCode":"031400000","regionCode":"030000000","islandGroupCode":"luzon","psgc10DigitCode":"0301420009"},{"code":"031420010","name":"Sapang Palay","oldName":"","subMunicipalityCode":false,"cityCode":"031420000","municipalityCode":false,"districtCode":false,"provinceCode":"031400000","regionCode":"030000000","islandGroupCode":"luzon","psgc10DigitCode":"0301420010"},{"code":"031420011","name":"Tungkong Mangga","oldName":"","subMunicipalityCode":false,"cityCode":"031420000","municipalityCode":false,"districtCode":false,"provinceCode":"031400000","regionCode":"030000000","islandGroupCode":"luzon","psgc10DigitCode":"0301420011"},{"code":"031420012","name":"Citrus","oldName":"","subMunicipalityCode":false,"cityCode":"031420000","municipalityCode":false,"districtCode":false,"provinceCode":"031400000","regionCode":"030000000","islandGroupCode":"luzon","psgc10DigitCode":"0301420012"},{"code":"031420013","name":"San Martin I","oldName":"","subMunicipalityCode":false,"cityCode":"031420000","municipalityCode":false,"districtCode":false,"provinceCode":"031400000","regionCode":"030000000","islandGroupCode":"luzon","psgc10DigitCode":"0301420013"},{"code":"031420014","name":"Santa Cruz I","oldName":"","subMunicipalityCode":false,"cityCode":"031420000","municipalityCode":false,"districtCode":false,"provinceCode":"031400000","regionCode":"030000000","islandGroupCode":"luzon","psgc10DigitCode":"0301420014"},{"code":"031420015","name":"Fatima I","oldName":"","subMunicipalityCode":false,"cityCode":"031420000","municipalityCode":false,"districtCode":false,"provinceCode":"031400000","regionCode":"030000000","islandGroupCode":"luzon","psgc10DigitCode":"0301420015"},{"code":"031420016","name":"San Pedro","oldName":"","subMunicipalityCode":false,"cityCode":"031420000","municipalityCode":false,"districtCode":false,"provinceCode":"031400000","regionCode":"030000000","islandGroupCode":"luzon","psgc10DigitCode":"0301420016"},{"code":"031420017","name":"San Rafael II","oldName":"","subMunicipalityCode":false,"cityCode":"031420000","municipalityCode":false,"districtCode":false,"provinceCode":"031400000","regionCode":"030000000","islandGroupCode":"luzon","psgc10DigitCode":"0301420017"},{"code":"031420018","name":"Santo Niño I","oldName":"","subMunicipalityCode":false,"cityCode":"031420000","municipalityCode":false,"districtCode":false,"provinceCode":"031400000","regionCode":"030000000","islandGroupCode":"luzon","psgc10DigitCode":"0301420018"},{"code":"031420019","name":"Assumption","oldName":"","subMunicipalityCode":false,"cityCode":"031420000","municipalityCode":false,"districtCode":false,"provinceCode":"031400000","regionCode":"030000000","islandGroupCode":"luzon","psgc10DigitCode":"0301420019"},{"code":"031420020","name":"Bagong Buhay II","oldName":"","subMunicipalityCode":false,"cityCode":"031420000","municipalityCode":false,"districtCode":false,"provinceCode":"031400000","regionCode":"030000000","islandGroupCode":"luzon","psgc10DigitCode":"0301420020"},{"code":"031420021","name":"Bagong Buhay III","oldName":"","subMunicipalityCode":false,"cityCode":"031420000","municipalityCode":false,"districtCode":false,"provinceCode":"031400000","regionCode":"030000000","islandGroupCode":"luzon","psgc10DigitCode":"0301420021"},{"code":"031420022","name":"Ciudad Real","oldName":"","subMunicipalityCode":false,"cityCode":"031420000","municipalityCode":false,"districtCode":false,"provinceCode":"031400000","regionCode":"030000000","islandGroupCode":"luzon","psgc10DigitCode":"0301420022"},{"code":"031420023","name":"Fatima II","oldName":"","subMunicipalityCode":false,"cityCode":"031420000","municipalityCode":false,"districtCode":false,"provinceCode":"031400000","regionCode":"030000000","islandGroupCode":"luzon","psgc10DigitCode":"0301420023"},{"code":"031420024","name":"Fatima III","oldName":"","subMunicipalityCode":false,"cityCode":"031420000","municipalityCode":false,"districtCode":false,"provinceCode":"031400000","regionCode":"030000000","islandGroupCode":"luzon","psgc10DigitCode":"0301420024"},{"code":"031420025","name":"Fatima IV","oldName":"","subMunicipalityCode":false,"cityCode":"031420000","municipalityCode":false,"districtCode":false,"provinceCode":"031400000","regionCode":"030000000","islandGroupCode":"luzon","psgc10DigitCode":"0301420025"},{"code":"031420026","name":"Fatima V","oldName":"","subMunicipalityCode":false,"cityCode":"031420000","municipalityCode":false,"districtCode":false,"provinceCode":"031400000","regionCode":"030000000","islandGroupCode":"luzon","psgc10DigitCode":"0301420026"},{"code":"031420027","name":"Francisco Homes-Guijo","oldName":"","subMunicipalityCode":false,"cityCode":"031420000","municipalityCode":false,"districtCode":false,"provinceCode":"031400000","regionCode":"030000000","islandGroupCode":"luzon","psgc10DigitCode":"0301420027"},{"code":"031420028","name":"Francisco Homes-Mulawin","oldName":"","subMunicipalityCode":false,"cityCode":"031420000","municipalityCode":false,"districtCode":false,"provinceCode":"031400000","regionCode":"030000000","islandGroupCode":"luzon","psgc10DigitCode":"0301420028"},{"code":"031420029","name":"Francisco Homes-Narra","oldName":"","subMunicipalityCode":false,"cityCode":"031420000","municipalityCode":false,"districtCode":false,"provinceCode":"031400000","regionCode":"030000000","islandGroupCode":"luzon","psgc10DigitCode":"0301420029"},{"code":"031420030","name":"Francisco Homes-Yakal","oldName":"","subMunicipalityCode":false,"cityCode":"031420000","municipalityCode":false,"districtCode":false,"provinceCode":"031400000","regionCode":"030000000","islandGroupCode":"luzon","psgc10DigitCode":"0301420030"},{"code":"031420031","name":"Graceville","oldName":"","subMunicipalityCode":false,"cityCode":"031420000","municipalityCode":false,"districtCode":false,"provinceCode":"031400000","regionCode":"030000000","islandGroupCode":"luzon","psgc10DigitCode":"0301420031"},{"code":"031420032","name":"Gumaoc Central","oldName":"","subMunicipalityCode":false,"cityCode":"031420000","municipalityCode":false,"districtCode":false,"provinceCode":"031400000","regionCode":"030000000","islandGroupCode":"luzon","psgc10DigitCode":"0301420032"},{"code":"031420033","name":"Gumaoc East","oldName":"","subMunicipalityCode":false,"cityCode":"031420000","municipalityCode":false,"districtCode":false,"provinceCode":"031400000","regionCode":"030000000","islandGroupCode":"luzon","psgc10DigitCode":"0301420033"},{"code":"031420034","name":"Gumaoc West","oldName":"","subMunicipalityCode":false,"cityCode":"031420000","municipalityCode":false,"districtCode":false,"provinceCode":"031400000","regionCode":"030000000","islandGroupCode":"luzon","psgc10DigitCode":"0301420034"},{"code":"031420035","name":"Lawang Pari","oldName":"","subMunicipalityCode":false,"cityCode":"031420000","municipalityCode":false,"districtCode":false,"provinceCode":"031400000","regionCode":"030000000","islandGroupCode":"luzon","psgc10DigitCode":"0301420035"},{"code":"031420036","name":"Maharlika","oldName":"","subMunicipalityCode":false,"cityCode":"031420000","municipalityCode":false,"districtCode":false,"provinceCode":"031400000","regionCode":"030000000","islandGroupCode":"luzon","psgc10DigitCode":"0301420036"},{"code":"031420037","name":"Minuyan II","oldName":"","subMunicipalityCode":false,"cityCode":"031420000","municipalityCode":false,"districtCode":false,"provinceCode":"031400000","regionCode":"030000000","islandGroupCode":"luzon","psgc10DigitCode":"0301420037"},{"code":"031420038","name":"Minuyan III","oldName":"","subMunicipalityCode":false,"cityCode":"031420000","municipalityCode":false,"districtCode":false,"provinceCode":"031400000","regionCode":"030000000","islandGroupCode":"luzon","psgc10DigitCode":"0301420038"},{"code":"031420039","name":"Minuyan IV","oldName":"","subMunicipalityCode":false,"cityCode":"031420000","municipalityCode":false,"districtCode":false,"provinceCode":"031400000","regionCode":"030000000","islandGroupCode":"luzon","psgc10DigitCode":"0301420039"},{"code":"031420040","name":"Minuyan V","oldName":"","subMunicipalityCode":false,"cityCode":"031420000","municipalityCode":false,"districtCode":false,"provinceCode":"031400000","regionCode":"030000000","islandGroupCode":"luzon","psgc10DigitCode":"0301420040"},{"code":"031420041","name":"Minuyan Proper","oldName":"","subMunicipalityCode":false,"cityCode":"031420000","municipalityCode":false,"districtCode":false,"provinceCode":"031400000","regionCode":"030000000","islandGroupCode":"luzon","psgc10DigitCode":"0301420041"},{"code":"031420042","name":"Paradise III","oldName":"","subMunicipalityCode":false,"cityCode":"031420000","municipalityCode":false,"districtCode":false,"provinceCode":"031400000","regionCode":"030000000","islandGroupCode":"luzon","psgc10DigitCode":"0301420042"},{"code":"031420043","name":"Poblacion I","oldName":"","subMunicipalityCode":false,"cityCode":"031420000","municipalityCode":false,"districtCode":false,"provinceCode":"031400000","regionCode":"030000000","islandGroupCode":"luzon","psgc10DigitCode":"0301420043"},{"code":"031420044","name":"San Isidro","oldName":"","subMunicipalityCode":false,"cityCode":"031420000","municipalityCode":false,"districtCode":false,"provinceCode":"031400000","regionCode":"030000000","islandGroupCode":"luzon","psgc10DigitCode":"0301420044"},{"code":"031420045","name":"San Manuel","oldName":"","subMunicipalityCode":false,"cityCode":"031420000","municipalityCode":false,"districtCode":false,"provinceCode":"031400000","regionCode":"030000000","islandGroupCode":"luzon","psgc10DigitCode":"0301420045"},{"code":"031420046","name":"San Martin II","oldName":"","subMunicipalityCode":false,"cityCode":"031420000","municipalityCode":false,"districtCode":false,"provinceCode":"031400000","regionCode":"030000000","islandGroupCode":"luzon","psgc10DigitCode":"0301420046"},{"code":"031420047","name":"San Martin III","oldName":"","subMunicipalityCode":false,"cityCode":"031420000","municipalityCode":false,"districtCode":false,"provinceCode":"031400000","regionCode":"030000000","islandGroupCode":"luzon","psgc10DigitCode":"0301420047"},{"code":"031420048","name":"San Martin IV","oldName":"","subMunicipalityCode":false,"cityCode":"031420000","municipalityCode":false,"districtCode":false,"provinceCode":"031400000","regionCode":"030000000","islandGroupCode":"luzon","psgc10DigitCode":"0301420048"},{"code":"031420049","name":"San Rafael I","oldName":"","subMunicipalityCode":false,"cityCode":"031420000","municipalityCode":false,"districtCode":false,"provinceCode":"031400000","regionCode":"030000000","islandGroupCode":"luzon","psgc10DigitCode":"0301420049"},{"code":"031420050","name":"San Rafael III","oldName":"","subMunicipalityCode":false,"cityCode":"031420000","municipalityCode":false,"districtCode":false,"provinceCode":"031400000","regionCode":"030000000","islandGroupCode":"luzon","psgc10DigitCode":"0301420050"},{"code":"031420051","name":"San Rafael IV","oldName":"","subMunicipalityCode":false,"cityCode":"031420000","municipalityCode":false,"districtCode":false,"provinceCode":"031400000","regionCode":"030000000","islandGroupCode":"luzon","psgc10DigitCode":"0301420051"},{"code":"031420052","name":"San Rafael V","oldName":"","subMunicipalityCode":false,"cityCode":"031420000","municipalityCode":false,"districtCode":false,"provinceCode":"031400000","regionCode":"030000000","islandGroupCode":"luzon","psgc10DigitCode":"0301420052"},{"code":"031420053","name":"San Roque","oldName":"","subMunicipalityCode":false,"cityCode":"031420000","municipalityCode":false,"districtCode":false,"provinceCode":"031400000","regionCode":"030000000","islandGroupCode":"luzon","psgc10DigitCode":"0301420053"},{"code":"031420054","name":"Santa Cruz II","oldName":"","subMunicipalityCode":false,"cityCode":"031420000","municipalityCode":false,"districtCode":false,"provinceCode":"031400000","regionCode":"030000000","islandGroupCode":"luzon","psgc10DigitCode":"0301420054"},{"code":"031420055","name":"Santa Cruz III","oldName":"","subMunicipalityCode":false,"cityCode":"031420000","municipalityCode":false,"districtCode":false,"provinceCode":"031400000","regionCode":"030000000","islandGroupCode":"luzon","psgc10DigitCode":"0301420055"},{"code":"031420056","name":"Santa Cruz IV","oldName":"","subMunicipalityCode":false,"cityCode":"031420000","municipalityCode":false,"districtCode":false,"provinceCode":"031400000","regionCode":"030000000","islandGroupCode":"luzon","psgc10DigitCode":"0301420056"},{"code":"031420057","name":"Santa Cruz V","oldName":"","subMunicipalityCode":false,"cityCode":"031420000","municipalityCode":false,"districtCode":false,"provinceCode":"031400000","regionCode":"030000000","islandGroupCode":"luzon","psgc10DigitCode":"0301420057"},{"code":"031420058","name":"Santo Niño II","oldName":"","subMunicipalityCode":false,"cityCode":"031420000","municipalityCode":false,"districtCode":false,"provinceCode":"031400000","regionCode":"030000000","islandGroupCode":"luzon","psgc10DigitCode":"0301420058"},{"code":"031420059","name":"San Martin de Porres","oldName":"","subMunicipalityCode":false,"cityCode":"031420000","municipalityCode":false,"districtCode":false,"provinceCode":"031400000","regionCode":"030000000","islandGroupCode":"luzon","psgc10DigitCode":"0301420059"}]