[{"code":"041031001","name":"Altura Bata","oldName":"","subMunicipalityCode":false,"cityCode":"041031000","municipalityCode":false,"districtCode":false,"provinceCode":"041000000","regionCode":"040000000","islandGroupCode":"luzon","psgc10DigitCode":"0401031001"},{"code":"041031002","name":"Altura Matanda","oldName":"","subMunicipalityCode":false,"cityCode":"041031000","municipalityCode":false,"districtCode":false,"provinceCode":"041000000","regionCode":"040000000","islandGroupCode":"luzon","psgc10DigitCode":"0401031002"},{"code":"041031003","name":"Altura-South","oldName":"","subMunicipalityCode":false,"cityCode":"041031000","municipalityCode":false,"districtCode":false,"provinceCode":"041000000","regionCode":"040000000","islandGroupCode":"luzon","psgc10DigitCode":"0401031003"},{"code":"041031004","name":"Ambulong","oldName":"","subMunicipalityCode":false,"cityCode":"041031000","municipalityCode":false,"districtCode":false,"provinceCode":"041000000","regionCode":"040000000","islandGroupCode":"luzon","psgc10DigitCode":"0401031004"},{"code":"041031005","name":"Banadero","oldName":"","subMunicipalityCode":false,"cityCode":"041031000","municipalityCode":false,"districtCode":false,"provinceCode":"041000000","regionCode":"040000000","islandGroupCode":"luzon","psgc10DigitCode":"0401031005"},{"code":"041031006","name":"Bagbag","oldName":"","subMunicipalityCode":false,"cityCode":"041031000","municipalityCode":false,"districtCode":false,"provinceCode":"041000000","regionCode":"040000000","islandGroupCode":"luzon","psgc10DigitCode":"0401031006"},{"code":"041031007","name":"Bagumbayan","oldName":"","subMunicipalityCode":false,"cityCode":"041031000","municipalityCode":false,"districtCode":false,"provinceCode":"041000000","regionCode":"040000000","islandGroupCode":"luzon","psgc10DigitCode":"0401031007"},{"code":"041031008","name":"Balele","oldName":"","subMunicipalityCode":false,"cityCode":"041031000","municipalityCode":false,"districtCode":false,"provinceCode":"041000000","regionCode":"040000000","islandGroupCode":"luzon","psgc10DigitCode":"0401031008"},{"code":"041031010","name":"Banjo East","oldName":"","subMunicipalityCode":false,"cityCode":"041031000","municipalityCode":false,"districtCode":false,"provinceCode":"041000000","regionCode":"040000000","islandGroupCode":"luzon","psgc10DigitCode":"0401031010"},{"code":"041031011","name":"Banjo Laurel","oldName":"Banjo West","subMunicipalityCode":false,"cityCode":"041031000","municipalityCode":false,"districtCode":false,"provinceCode":"041000000","regionCode":"040000000","islandGroupCode":"luzon","psgc10DigitCode":"0401031011"},{"code":"041031013","name":"Bilog-bilog","oldName":"","subMunicipalityCode":false,"cityCode":"041031000","municipalityCode":false,"districtCode":false,"provinceCode":"041000000","regionCode":"040000000","islandGroupCode":"luzon","psgc10DigitCode":"0401031013"},{"code":"041031014","name":"Boot","oldName":"","subMunicipalityCode":false,"cityCode":"041031000","municipalityCode":false,"districtCode":false,"provinceCode":"041000000","regionCode":"040000000","islandGroupCode":"luzon","psgc10DigitCode":"0401031014"},{"code":"041031015","name":"Cale","oldName":"","subMunicipalityCode":false,"cityCode":"041031000","municipalityCode":false,"districtCode":false,"provinceCode":"041000000","regionCode":"040000000","islandGroupCode":"luzon","psgc10DigitCode":"0401031015"},{"code":"041031016","name":"Darasa","oldName":"","subMunicipalityCode":false,"cityCode":"041031000","municipalityCode":false,"districtCode":false,"provinceCode":"041000000","regionCode":"040000000","islandGroupCode":"luzon","psgc10DigitCode":"0401031016"},{"code":"041031017","name":"Pagaspas","oldName":"","subMunicipalityCode":false,"cityCode":"041031000","municipalityCode":false,"districtCode":false,"provinceCode":"041000000","regionCode":"040000000","islandGroupCode":"luzon","psgc10DigitCode":"0401031017"},{"code":"041031018","name":"Gonzales","oldName":"","subMunicipalityCode":false,"cityCode":"041031000","municipalityCode":false,"districtCode":false,"provinceCode":"041000000","regionCode":"040000000","islandGroupCode":"luzon","psgc10DigitCode":"0401031018"},{"code":"041031019","name":"Hidalgo","oldName":"","subMunicipalityCode":false,"cityCode":"041031000","municipalityCode":false,"districtCode":false,"provinceCode":"041000000","regionCode":"040000000","islandGroupCode":"luzon","psgc10DigitCode":"0401031019"},{"code":"041031020","name":"Janopol","oldName":"","subMunicipalityCode":false,"cityCode":"041031000","municipalityCode":false,"districtCode":false,"provinceCode":"041000000","regionCode":"040000000","islandGroupCode":"luzon","psgc10DigitCode":"0401031020"},{"code":"041031021","name":"Janopol Oriental","oldName":"","subMunicipalityCode":false,"cityCode":"041031000","municipalityCode":false,"districtCode":false,"provinceCode":"041000000","regionCode":"040000000","islandGroupCode":"luzon","psgc10DigitCode":"0401031021"},{"code":"041031022","name":"Laurel","oldName":"","subMunicipalityCode":false,"cityCode":"041031000","municipalityCode":false,"districtCode":false,"provinceCode":"041000000","regionCode":"040000000","islandGroupCode":"luzon","psgc10DigitCode":"0401031022"},{"code":"041031023","name":"Luyos","oldName":"","subMunicipalityCode":false,"cityCode":"041031000","municipalityCode":false,"districtCode":false,"provinceCode":"041000000","regionCode":"040000000","islandGroupCode":"luzon","psgc10DigitCode":"0401031023"},{"code":"041031024","name":"Mabini","oldName":"","subMunicipalityCode":false,"cityCode":"041031000","municipalityCode":false,"districtCode":false,"provinceCode":"041000000","regionCode":"040000000","islandGroupCode":"luzon","psgc10DigitCode":"0401031024"},{"code":"041031025","name":"Malaking Pulo","oldName":"","subMunicipalityCode":false,"cityCode":"041031000","municipalityCode":false,"districtCode":false,"provinceCode":"041000000","regionCode":"040000000","islandGroupCode":"luzon","psgc10DigitCode":"0401031025"},{"code":"041031026","name":"Maria Paz","oldName":"","subMunicipalityCode":false,"cityCode":"041031000","municipalityCode":false,"districtCode":false,"provinceCode":"041000000","regionCode":"040000000","islandGroupCode":"luzon","psgc10DigitCode":"0401031026"},{"code":"041031027","name":"Maugat","oldName":"","subMunicipalityCode":false,"cityCode":"041031000","municipalityCode":false,"districtCode":false,"provinceCode":"041000000","regionCode":"040000000","islandGroupCode":"luzon","psgc10DigitCode":"0401031027"},{"code":"041031028","name":"Montaña","oldName":"Ik-ik","subMunicipalityCode":false,"cityCode":"041031000","municipalityCode":false,"districtCode":false,"provinceCode":"041000000","regionCode":"040000000","islandGroupCode":"luzon","psgc10DigitCode":"0401031028"},{"code":"041031029","name":"Natatas","oldName":"","subMunicipalityCode":false,"cityCode":"041031000","municipalityCode":false,"districtCode":false,"provinceCode":"041000000","regionCode":"040000000","islandGroupCode":"luzon","psgc10DigitCode":"0401031029"},{"code":"041031030","name":"Pantay Matanda","oldName":"","subMunicipalityCode":false,"cityCode":"041031000","municipalityCode":false,"districtCode":false,"provinceCode":"041000000","regionCode":"040000000","islandGroupCode":"luzon","psgc10DigitCode":"0401031030"},{"code":"041031031","name":"Pantay Bata","oldName":"","subMunicipalityCode":false,"cityCode":"041031000","municipalityCode":false,"districtCode":false,"provinceCode":"041000000","regionCode":"040000000","islandGroupCode":"luzon","psgc10DigitCode":"0401031031"},{"code":"041031032","name":"Poblacion Barangay 1","oldName":"","subMunicipalityCode":false,"cityCode":"041031000","municipalityCode":false,"districtCode":false,"provinceCode":"041000000","regionCode":"040000000","islandGroupCode":"luzon","psgc10DigitCode":"0401031032"},{"code":"041031033","name":"Poblacion Barangay 2","oldName":"","subMunicipalityCode":false,"cityCode":"041031000","municipalityCode":false,"districtCode":false,"provinceCode":"041000000","regionCode":"040000000","islandGroupCode":"luzon","psgc10DigitCode":"0401031033"},{"code":"041031034","name":"Poblacion Barangay 3","oldName":"","subMunicipalityCode":false,"cityCode":"041031000","municipalityCode":false,"districtCode":false,"provinceCode":"041000000","regionCode":"040000000","islandGroupCode":"luzon","psgc10DigitCode":"0401031034"},{"code":"041031035","name":"Poblacion Barangay 4","oldName":"","subMunicipalityCode":false,"cityCode":"041031000","municipalityCode":false,"districtCode":false,"provinceCode":"041000000","regionCode":"040000000","islandGroupCode":"luzon","psgc10DigitCode":"0401031035"},{"code":"041031036","name":"Poblacion Barangay 5","oldName":"","subMunicipalityCode":false,"cityCode":"041031000","municipalityCode":false,"districtCode":false,"provinceCode":"041000000","regionCode":"040000000","islandGroupCode":"luzon","psgc10DigitCode":"0401031036"},{"code":"041031037","name":"Poblacion Barangay 6","oldName":"","subMunicipalityCode":false,"cityCode":"041031000","municipalityCode":false,"districtCode":false,"provinceCode":"041000000","regionCode":"040000000","islandGroupCode":"luzon","psgc10DigitCode":"0401031037"},{"code":"041031038","name":"Poblacion Barangay 7","oldName":"","subMunicipalityCode":false,"cityCode":"041031000","municipalityCode":false,"districtCode":false,"provinceCode":"041000000","regionCode":"040000000","islandGroupCode":"luzon","psgc10DigitCode":"0401031038"},{"code":"041031039","name":"Sala","oldName":"","subMunicipalityCode":false,"cityCode":"041031000","municipalityCode":false,"districtCode":false,"provinceCode":"041000000","regionCode":"040000000","islandGroupCode":"luzon","psgc10DigitCode":"0401031039"},{"code":"041031040","name":"Sambat","oldName":"","subMunicipalityCode":false,"cityCode":"041031000","municipalityCode":false,"districtCode":false,"provinceCode":"041000000","regionCode":"040000000","islandGroupCode":"luzon","psgc10DigitCode":"0401031040"},{"code":"041031041","name":"San Jose","oldName":"","subMunicipalityCode":false,"cityCode":"041031000","municipalityCode":false,"districtCode":false,"provinceCode":"041000000","regionCode":"040000000","islandGroupCode":"luzon","psgc10DigitCode":"0401031041"},{"code":"041031042","name":"Santol","oldName":"Doña Jacoba Garcia","subMunicipalityCode":false,"cityCode":"041031000","municipalityCode":false,"districtCode":false,"provinceCode":"041000000","regionCode":"040000000","islandGroupCode":"luzon","psgc10DigitCode":"0401031042"},{"code":"041031043","name":"Santor","oldName":"","subMunicipalityCode":false,"cityCode":"041031000","municipalityCode":false,"districtCode":false,"provinceCode":"041000000","regionCode":"040000000","islandGroupCode":"luzon","psgc10DigitCode":"0401031043"},{"code":"041031044","name":"Sulpoc","oldName":"","subMunicipalityCode":false,"cityCode":"041031000","municipalityCode":false,"districtCode":false,"provinceCode":"041000000","regionCode":"040000000","islandGroupCode":"luzon","psgc10DigitCode":"0401031044"},{"code":"041031045","name":"Suplang","oldName":"","subMunicipalityCode":false,"cityCode":"041031000","municipalityCode":false,"districtCode":false,"provinceCode":"041000000","regionCode":"040000000","islandGroupCode":"luzon","psgc10DigitCode":"0401031045"},{"code":"041031046","name":"Talaga","oldName":"","subMunicipalityCode":false,"cityCode":"041031000","municipalityCode":false,"districtCode":false,"provinceCode":"041000000","regionCode":"040000000","islandGroupCode":"luzon","psgc10DigitCode":"0401031046"},{"code":"041031047","name":"Tinurik","oldName":"","subMunicipalityCode":false,"cityCode":"041031000","municipalityCode":false,"districtCode":false,"provinceCode":"041000000","regionCode":"040000000","islandGroupCode":"luzon","psgc10DigitCode":"0401031047"},{"code":"041031048","name":"Trapiche","oldName":"","subMunicipalityCode":false,"cityCode":"041031000","municipalityCode":false,"districtCode":false,"provinceCode":"041000000","regionCode":"040000000","islandGroupCode":"luzon","psgc10DigitCode":"0401031048"},{"code":"041031049","name":"Ulango","oldName":"","subMunicipalityCode":false,"cityCode":"041031000","municipalityCode":false,"districtCode":false,"provinceCode":"041000000","regionCode":"040000000","islandGroupCode":"luzon","psgc10DigitCode":"0401031049"},{"code":"041031050","name":"Wawa","oldName":"","subMunicipalityCode":false,"cityCode":"041031000","municipalityCode":false,"districtCode":false,"provinceCode":"041000000","regionCode":"040000000","islandGroupCode":"luzon","psgc10DigitCode":"0401031050"}]