[{"code":"063022001","name":"Santa Cruz","oldName":"","subMunicipalityCode":false,"cityCode":"063022000","municipalityCode":false,"districtCode":false,"provinceCode":"063000000","regionCode":"060000000","islandGroupCode":"visayas","psgc10DigitCode":"0631000001"},{"code":"063022003","name":"Aguinaldo","oldName":"","subMunicipalityCode":false,"cityCode":"063022000","municipalityCode":false,"districtCode":false,"provinceCode":"063000000","regionCode":"060000000","islandGroupCode":"visayas","psgc10DigitCode":"0631000003"},{"code":"063022004","name":"Airport","oldName":"Tabucan Airport","subMunicipalityCode":false,"cityCode":"063022000","municipalityCode":false,"districtCode":false,"provinceCode":"063000000","regionCode":"060000000","islandGroupCode":"visayas","psgc10DigitCode":"0631000004"},{"code":"063022005","name":"Alalasan Lapuz","oldName":"","subMunicipalityCode":false,"cityCode":"063022000","municipalityCode":false,"districtCode":false,"provinceCode":"063000000","regionCode":"060000000","islandGroupCode":"visayas","psgc10DigitCode":"0631000005"},{"code":"063022006","name":"Arguelles","oldName":"","subMunicipalityCode":false,"cityCode":"063022000","municipalityCode":false,"districtCode":false,"provinceCode":"063000000","regionCode":"060000000","islandGroupCode":"visayas","psgc10DigitCode":"0631000006"},{"code":"063022007","name":"Arsenal Aduana","oldName":"","subMunicipalityCode":false,"cityCode":"063022000","municipalityCode":false,"districtCode":false,"provinceCode":"063000000","regionCode":"060000000","islandGroupCode":"visayas","psgc10DigitCode":"0631000007"},{"code":"063022008","name":"North Avanceña","oldName":"","subMunicipalityCode":false,"cityCode":"063022000","municipalityCode":false,"districtCode":false,"provinceCode":"063000000","regionCode":"060000000","islandGroupCode":"visayas","psgc10DigitCode":"0631000008"},{"code":"063022009","name":"Bakhaw","oldName":"","subMunicipalityCode":false,"cityCode":"063022000","municipalityCode":false,"districtCode":false,"provinceCode":"063000000","regionCode":"060000000","islandGroupCode":"visayas","psgc10DigitCode":"0631000009"},{"code":"063022010","name":"Balabago","oldName":"","subMunicipalityCode":false,"cityCode":"063022000","municipalityCode":false,"districtCode":false,"provinceCode":"063000000","regionCode":"060000000","islandGroupCode":"visayas","psgc10DigitCode":"0631000010"},{"code":"063022011","name":"Balantang","oldName":"","subMunicipalityCode":false,"cityCode":"063022000","municipalityCode":false,"districtCode":false,"provinceCode":"063000000","regionCode":"060000000","islandGroupCode":"visayas","psgc10DigitCode":"0631000011"},{"code":"063022012","name":"Baldoza","oldName":"","subMunicipalityCode":false,"cityCode":"063022000","municipalityCode":false,"districtCode":false,"provinceCode":"063000000","regionCode":"060000000","islandGroupCode":"visayas","psgc10DigitCode":"0631000012"},{"code":"063022014","name":"Sinikway","oldName":"Bangkerohan Lapuz","subMunicipalityCode":false,"cityCode":"063022000","municipalityCode":false,"districtCode":false,"provinceCode":"063000000","regionCode":"060000000","islandGroupCode":"visayas","psgc10DigitCode":"0631000014"},{"code":"063022015","name":"Bantud","oldName":"","subMunicipalityCode":false,"cityCode":"063022000","municipalityCode":false,"districtCode":false,"provinceCode":"063000000","regionCode":"060000000","islandGroupCode":"visayas","psgc10DigitCode":"0631000015"},{"code":"063022016","name":"Banuyao","oldName":"","subMunicipalityCode":false,"cityCode":"063022000","municipalityCode":false,"districtCode":false,"provinceCode":"063000000","regionCode":"060000000","islandGroupCode":"visayas","psgc10DigitCode":"0631000016"},{"code":"063022017","name":"Baybay Tanza","oldName":"","subMunicipalityCode":false,"cityCode":"063022000","municipalityCode":false,"districtCode":false,"provinceCode":"063000000","regionCode":"060000000","islandGroupCode":"visayas","psgc10DigitCode":"0631000017"},{"code":"063022018","name":"Benedicto","oldName":"Jaro","subMunicipalityCode":false,"cityCode":"063022000","municipalityCode":false,"districtCode":false,"provinceCode":"063000000","regionCode":"060000000","islandGroupCode":"visayas","psgc10DigitCode":"0631000018"},{"code":"063022019","name":"Bito-on","oldName":"","subMunicipalityCode":false,"cityCode":"063022000","municipalityCode":false,"districtCode":false,"provinceCode":"063000000","regionCode":"060000000","islandGroupCode":"visayas","psgc10DigitCode":"0631000019"},{"code":"063022020","name":"Monica Blumentritt","oldName":"","subMunicipalityCode":false,"cityCode":"063022000","municipalityCode":false,"districtCode":false,"provinceCode":"063000000","regionCode":"060000000","islandGroupCode":"visayas","psgc10DigitCode":"0631000020"},{"code":"063022021","name":"Bolilao","oldName":"","subMunicipalityCode":false,"cityCode":"063022000","municipalityCode":false,"districtCode":false,"provinceCode":"063000000","regionCode":"060000000","islandGroupCode":"visayas","psgc10DigitCode":"0631000021"},{"code":"063022022","name":"Bonifacio Tanza","oldName":"","subMunicipalityCode":false,"cityCode":"063022000","municipalityCode":false,"districtCode":false,"provinceCode":"063000000","regionCode":"060000000","islandGroupCode":"visayas","psgc10DigitCode":"0631000022"},{"code":"063022023","name":"Bonifacio","oldName":"Arevalo","subMunicipalityCode":false,"cityCode":"063022000","municipalityCode":false,"districtCode":false,"provinceCode":"063000000","regionCode":"060000000","islandGroupCode":"visayas","psgc10DigitCode":"0631000023"},{"code":"063022024","name":"Buhang","oldName":"","subMunicipalityCode":false,"cityCode":"063022000","municipalityCode":false,"districtCode":false,"provinceCode":"063000000","regionCode":"060000000","islandGroupCode":"visayas","psgc10DigitCode":"0631000024"},{"code":"063022025","name":"Buhang Taft North","oldName":"","subMunicipalityCode":false,"cityCode":"063022000","municipalityCode":false,"districtCode":false,"provinceCode":"063000000","regionCode":"060000000","islandGroupCode":"visayas","psgc10DigitCode":"0631000025"},{"code":"063022026","name":"Buntatala","oldName":"","subMunicipalityCode":false,"cityCode":"063022000","municipalityCode":false,"districtCode":false,"provinceCode":"063000000","regionCode":"060000000","islandGroupCode":"visayas","psgc10DigitCode":"0631000026"},{"code":"063022028","name":"Seminario","oldName":"Burgos Jalandoni","subMunicipalityCode":false,"cityCode":"063022000","municipalityCode":false,"districtCode":false,"provinceCode":"063000000","regionCode":"060000000","islandGroupCode":"visayas","psgc10DigitCode":"0631000028"},{"code":"063022029","name":"Caingin","oldName":"","subMunicipalityCode":false,"cityCode":"063022000","municipalityCode":false,"districtCode":false,"provinceCode":"063000000","regionCode":"060000000","islandGroupCode":"visayas","psgc10DigitCode":"0631000029"},{"code":"063022030","name":"Calahunan","oldName":"","subMunicipalityCode":false,"cityCode":"063022000","municipalityCode":false,"districtCode":false,"provinceCode":"063000000","regionCode":"060000000","islandGroupCode":"visayas","psgc10DigitCode":"0631000030"},{"code":"063022031","name":"Calaparan","oldName":"","subMunicipalityCode":false,"cityCode":"063022000","municipalityCode":false,"districtCode":false,"provinceCode":"063000000","regionCode":"060000000","islandGroupCode":"visayas","psgc10DigitCode":"0631000031"},{"code":"063022032","name":"Calumpang","oldName":"","subMunicipalityCode":false,"cityCode":"063022000","municipalityCode":false,"districtCode":false,"provinceCode":"063000000","regionCode":"060000000","islandGroupCode":"visayas","psgc10DigitCode":"0631000032"},{"code":"063022033","name":"Camalig","oldName":"","subMunicipalityCode":false,"cityCode":"063022000","municipalityCode":false,"districtCode":false,"provinceCode":"063000000","regionCode":"060000000","islandGroupCode":"visayas","psgc10DigitCode":"0631000033"},{"code":"063022034","name":"El 98 Castilla","oldName":"Claudio Lopez","subMunicipalityCode":false,"cityCode":"063022000","municipalityCode":false,"districtCode":false,"provinceCode":"063000000","regionCode":"060000000","islandGroupCode":"visayas","psgc10DigitCode":"0631000034"},{"code":"063022035","name":"Cochero","oldName":"","subMunicipalityCode":false,"cityCode":"063022000","municipalityCode":false,"districtCode":false,"provinceCode":"063000000","regionCode":"060000000","islandGroupCode":"visayas","psgc10DigitCode":"0631000035"},{"code":"063022036","name":"Compania","oldName":"","subMunicipalityCode":false,"cityCode":"063022000","municipalityCode":false,"districtCode":false,"provinceCode":"063000000","regionCode":"060000000","islandGroupCode":"visayas","psgc10DigitCode":"0631000036"},{"code":"063022038","name":"Concepcion-Montes","oldName":"","subMunicipalityCode":false,"cityCode":"063022000","municipalityCode":false,"districtCode":false,"provinceCode":"063000000","regionCode":"060000000","islandGroupCode":"visayas","psgc10DigitCode":"0631000038"},{"code":"063022040","name":"Cuartero","oldName":"","subMunicipalityCode":false,"cityCode":"063022000","municipalityCode":false,"districtCode":false,"provinceCode":"063000000","regionCode":"060000000","islandGroupCode":"visayas","psgc10DigitCode":"0631000040"},{"code":"063022041","name":"Cubay","oldName":"","subMunicipalityCode":false,"cityCode":"063022000","municipalityCode":false,"districtCode":false,"provinceCode":"063000000","regionCode":"060000000","islandGroupCode":"visayas","psgc10DigitCode":"0631000041"},{"code":"063022042","name":"Danao","oldName":"","subMunicipalityCode":false,"cityCode":"063022000","municipalityCode":false,"districtCode":false,"provinceCode":"063000000","regionCode":"060000000","islandGroupCode":"visayas","psgc10DigitCode":"0631000042"},{"code":"063022043","name":"Mabolo-Delgado","oldName":"","subMunicipalityCode":false,"cityCode":"063022000","municipalityCode":false,"districtCode":false,"provinceCode":"063000000","regionCode":"060000000","islandGroupCode":"visayas","psgc10DigitCode":"0631000043"},{"code":"063022044","name":"Democracia","oldName":"","subMunicipalityCode":false,"cityCode":"063022000","municipalityCode":false,"districtCode":false,"provinceCode":"063000000","regionCode":"060000000","islandGroupCode":"visayas","psgc10DigitCode":"0631000044"},{"code":"063022045","name":"Desamparados","oldName":"","subMunicipalityCode":false,"cityCode":"063022000","municipalityCode":false,"districtCode":false,"provinceCode":"063000000","regionCode":"060000000","islandGroupCode":"visayas","psgc10DigitCode":"0631000045"},{"code":"063022046","name":"Divinagracia","oldName":"","subMunicipalityCode":false,"cityCode":"063022000","municipalityCode":false,"districtCode":false,"provinceCode":"063000000","regionCode":"060000000","islandGroupCode":"visayas","psgc10DigitCode":"0631000046"},{"code":"063022047","name":"Don Esteban-Lapuz","oldName":"","subMunicipalityCode":false,"cityCode":"063022000","municipalityCode":false,"districtCode":false,"provinceCode":"063000000","regionCode":"060000000","islandGroupCode":"visayas","psgc10DigitCode":"0631000047"},{"code":"063022048","name":"Dulonan","oldName":"","subMunicipalityCode":false,"cityCode":"063022000","municipalityCode":false,"districtCode":false,"provinceCode":"063000000","regionCode":"060000000","islandGroupCode":"visayas","psgc10DigitCode":"0631000048"},{"code":"063022049","name":"Dungon","oldName":"","subMunicipalityCode":false,"cityCode":"063022000","municipalityCode":false,"districtCode":false,"provinceCode":"063000000","regionCode":"060000000","islandGroupCode":"visayas","psgc10DigitCode":"0631000049"},{"code":"063022050","name":"Dungon A","oldName":"","subMunicipalityCode":false,"cityCode":"063022000","municipalityCode":false,"districtCode":false,"provinceCode":"063000000","regionCode":"060000000","islandGroupCode":"visayas","psgc10DigitCode":"0631000050"},{"code":"063022051","name":"Dungon B","oldName":"","subMunicipalityCode":false,"cityCode":"063022000","municipalityCode":false,"districtCode":false,"provinceCode":"063000000","regionCode":"060000000","islandGroupCode":"visayas","psgc10DigitCode":"0631000051"},{"code":"063022052","name":"East Baluarte","oldName":"","subMunicipalityCode":false,"cityCode":"063022000","municipalityCode":false,"districtCode":false,"provinceCode":"063000000","regionCode":"060000000","islandGroupCode":"visayas","psgc10DigitCode":"0631000052"},{"code":"063022053","name":"East Timawa","oldName":"","subMunicipalityCode":false,"cityCode":"063022000","municipalityCode":false,"districtCode":false,"provinceCode":"063000000","regionCode":"060000000","islandGroupCode":"visayas","psgc10DigitCode":"0631000053"},{"code":"063022054","name":"Edganzon","oldName":"","subMunicipalityCode":false,"cityCode":"063022000","municipalityCode":false,"districtCode":false,"provinceCode":"063000000","regionCode":"060000000","islandGroupCode":"visayas","psgc10DigitCode":"0631000054"},{"code":"063022055","name":"Tanza-Esperanza","oldName":"","subMunicipalityCode":false,"cityCode":"063022000","municipalityCode":false,"districtCode":false,"provinceCode":"063000000","regionCode":"060000000","islandGroupCode":"visayas","psgc10DigitCode":"0631000055"},{"code":"063022056","name":"Fajardo","oldName":"","subMunicipalityCode":false,"cityCode":"063022000","municipalityCode":false,"districtCode":false,"provinceCode":"063000000","regionCode":"060000000","islandGroupCode":"visayas","psgc10DigitCode":"0631000056"},{"code":"063022057","name":"Flores","oldName":"","subMunicipalityCode":false,"cityCode":"063022000","municipalityCode":false,"districtCode":false,"provinceCode":"063000000","regionCode":"060000000","islandGroupCode":"visayas","psgc10DigitCode":"0631000057"},{"code":"063022060","name":"South Fundidor","oldName":"","subMunicipalityCode":false,"cityCode":"063022000","municipalityCode":false,"districtCode":false,"provinceCode":"063000000","regionCode":"060000000","islandGroupCode":"visayas","psgc10DigitCode":"0631000060"},{"code":"063022061","name":"General Hughes-Montes","oldName":"","subMunicipalityCode":false,"cityCode":"063022000","municipalityCode":false,"districtCode":false,"provinceCode":"063000000","regionCode":"060000000","islandGroupCode":"visayas","psgc10DigitCode":"0631000061"},{"code":"063022062","name":"Gloria","oldName":"","subMunicipalityCode":false,"cityCode":"063022000","municipalityCode":false,"districtCode":false,"provinceCode":"063000000","regionCode":"060000000","islandGroupCode":"visayas","psgc10DigitCode":"0631000062"},{"code":"063022063","name":"Gustilo","oldName":"","subMunicipalityCode":false,"cityCode":"063022000","municipalityCode":false,"districtCode":false,"provinceCode":"063000000","regionCode":"060000000","islandGroupCode":"visayas","psgc10DigitCode":"0631000063"},{"code":"063022064","name":"Guzman-Jesena","oldName":"","subMunicipalityCode":false,"cityCode":"063022000","municipalityCode":false,"districtCode":false,"provinceCode":"063000000","regionCode":"060000000","islandGroupCode":"visayas","psgc10DigitCode":"0631000064"},{"code":"063022065","name":"Habog-habog Salvacion","oldName":"","subMunicipalityCode":false,"cityCode":"063022000","municipalityCode":false,"districtCode":false,"provinceCode":"063000000","regionCode":"060000000","islandGroupCode":"visayas","psgc10DigitCode":"0631000065"},{"code":"063022067","name":"Hibao-an Sur","oldName":"","subMunicipalityCode":false,"cityCode":"063022000","municipalityCode":false,"districtCode":false,"provinceCode":"063000000","regionCode":"060000000","islandGroupCode":"visayas","psgc10DigitCode":"0631000067"},{"code":"063022068","name":"Hinactacan","oldName":"","subMunicipalityCode":false,"cityCode":"063022000","municipalityCode":false,"districtCode":false,"provinceCode":"063000000","regionCode":"060000000","islandGroupCode":"visayas","psgc10DigitCode":"0631000068"},{"code":"063022069","name":"Hipodromo","oldName":"","subMunicipalityCode":false,"cityCode":"063022000","municipalityCode":false,"districtCode":false,"provinceCode":"063000000","regionCode":"060000000","islandGroupCode":"visayas","psgc10DigitCode":"0631000069"},{"code":"063022070","name":"Inday","oldName":"","subMunicipalityCode":false,"cityCode":"063022000","municipalityCode":false,"districtCode":false,"provinceCode":"063000000","regionCode":"060000000","islandGroupCode":"visayas","psgc10DigitCode":"0631000070"},{"code":"063022071","name":"Infante","oldName":"","subMunicipalityCode":false,"cityCode":"063022000","municipalityCode":false,"districtCode":false,"provinceCode":"063000000","regionCode":"060000000","islandGroupCode":"visayas","psgc10DigitCode":"0631000071"},{"code":"063022072","name":"Ingore","oldName":"","subMunicipalityCode":false,"cityCode":"063022000","municipalityCode":false,"districtCode":false,"provinceCode":"063000000","regionCode":"060000000","islandGroupCode":"visayas","psgc10DigitCode":"0631000072"},{"code":"063022073","name":"Jalandoni Estate-Lapuz","oldName":"","subMunicipalityCode":false,"cityCode":"063022000","municipalityCode":false,"districtCode":false,"provinceCode":"063000000","regionCode":"060000000","islandGroupCode":"visayas","psgc10DigitCode":"0631000073"},{"code":"063022074","name":"Jalandoni-Wilson","oldName":"","subMunicipalityCode":false,"cityCode":"063022000","municipalityCode":false,"districtCode":false,"provinceCode":"063000000","regionCode":"060000000","islandGroupCode":"visayas","psgc10DigitCode":"0631000074"},{"code":"063022075","name":"Delgado-Jalandoni-Bagumbayan","oldName":"","subMunicipalityCode":false,"cityCode":"063022000","municipalityCode":false,"districtCode":false,"provinceCode":"063000000","regionCode":"060000000","islandGroupCode":"visayas","psgc10DigitCode":"0631000075"},{"code":"063022076","name":"Javellana","oldName":"","subMunicipalityCode":false,"cityCode":"063022000","municipalityCode":false,"districtCode":false,"provinceCode":"063000000","regionCode":"060000000","islandGroupCode":"visayas","psgc10DigitCode":"0631000076"},{"code":"063022077","name":"Jereos","oldName":"","subMunicipalityCode":false,"cityCode":"063022000","municipalityCode":false,"districtCode":false,"provinceCode":"063000000","regionCode":"060000000","islandGroupCode":"visayas","psgc10DigitCode":"0631000077"},{"code":"063022078","name":"Calubihan","oldName":"","subMunicipalityCode":false,"cityCode":"063022000","municipalityCode":false,"districtCode":false,"provinceCode":"063000000","regionCode":"060000000","islandGroupCode":"visayas","psgc10DigitCode":"0631000078"},{"code":"063022079","name":"Kasingkasing","oldName":"","subMunicipalityCode":false,"cityCode":"063022000","municipalityCode":false,"districtCode":false,"provinceCode":"063000000","regionCode":"060000000","islandGroupCode":"visayas","psgc10DigitCode":"0631000079"},{"code":"063022080","name":"Katilingban","oldName":"","subMunicipalityCode":false,"cityCode":"063022000","municipalityCode":false,"districtCode":false,"provinceCode":"063000000","regionCode":"060000000","islandGroupCode":"visayas","psgc10DigitCode":"0631000080"},{"code":"063022081","name":"Kauswagan","oldName":"","subMunicipalityCode":false,"cityCode":"063022000","municipalityCode":false,"districtCode":false,"provinceCode":"063000000","regionCode":"060000000","islandGroupCode":"visayas","psgc10DigitCode":"0631000081"},{"code":"063022084","name":"Our Lady Of Fatima","oldName":"","subMunicipalityCode":false,"cityCode":"063022000","municipalityCode":false,"districtCode":false,"provinceCode":"063000000","regionCode":"060000000","islandGroupCode":"visayas","psgc10DigitCode":"0631000084"},{"code":"063022085","name":"Laguda","oldName":"","subMunicipalityCode":false,"cityCode":"063022000","municipalityCode":false,"districtCode":false,"provinceCode":"063000000","regionCode":"060000000","islandGroupCode":"visayas","psgc10DigitCode":"0631000085"},{"code":"063022086","name":"Lanit","oldName":"","subMunicipalityCode":false,"cityCode":"063022000","municipalityCode":false,"districtCode":false,"provinceCode":"063000000","regionCode":"060000000","islandGroupCode":"visayas","psgc10DigitCode":"0631000086"},{"code":"063022087","name":"Lapuz Norte","oldName":"","subMunicipalityCode":false,"cityCode":"063022000","municipalityCode":false,"districtCode":false,"provinceCode":"063000000","regionCode":"060000000","islandGroupCode":"visayas","psgc10DigitCode":"0631000087"},{"code":"063022088","name":"Lapuz Sur","oldName":"","subMunicipalityCode":false,"cityCode":"063022000","municipalityCode":false,"districtCode":false,"provinceCode":"063000000","regionCode":"060000000","islandGroupCode":"visayas","psgc10DigitCode":"0631000088"},{"code":"063022089","name":"Legaspi dela Rama","oldName":"","subMunicipalityCode":false,"cityCode":"063022000","municipalityCode":false,"districtCode":false,"provinceCode":"063000000","regionCode":"060000000","islandGroupCode":"visayas","psgc10DigitCode":"0631000089"},{"code":"063022090","name":"Liberation","oldName":"","subMunicipalityCode":false,"cityCode":"063022000","municipalityCode":false,"districtCode":false,"provinceCode":"063000000","regionCode":"060000000","islandGroupCode":"visayas","psgc10DigitCode":"0631000090"},{"code":"063022091","name":"Libertad, Santa Isabel","oldName":"","subMunicipalityCode":false,"cityCode":"063022000","municipalityCode":false,"districtCode":false,"provinceCode":"063000000","regionCode":"060000000","islandGroupCode":"visayas","psgc10DigitCode":"0631000091"},{"code":"063022092","name":"Libertad-Lapuz","oldName":"","subMunicipalityCode":false,"cityCode":"063022000","municipalityCode":false,"districtCode":false,"provinceCode":"063000000","regionCode":"060000000","islandGroupCode":"visayas","psgc10DigitCode":"0631000092"},{"code":"063022093","name":"Lopez Jaena","oldName":"Jaro","subMunicipalityCode":false,"cityCode":"063022000","municipalityCode":false,"districtCode":false,"provinceCode":"063000000","regionCode":"060000000","islandGroupCode":"visayas","psgc10DigitCode":"0631000093"},{"code":"063022094","name":"Loboc-Lapuz","oldName":"","subMunicipalityCode":false,"cityCode":"063022000","municipalityCode":false,"districtCode":false,"provinceCode":"063000000","regionCode":"060000000","islandGroupCode":"visayas","psgc10DigitCode":"0631000094"},{"code":"063022095","name":"Lopez Jaena Norte","oldName":"","subMunicipalityCode":false,"cityCode":"063022000","municipalityCode":false,"districtCode":false,"provinceCode":"063000000","regionCode":"060000000","islandGroupCode":"visayas","psgc10DigitCode":"0631000095"},{"code":"063022096","name":"Lopez Jaena Sur","oldName":"","subMunicipalityCode":false,"cityCode":"063022000","municipalityCode":false,"districtCode":false,"provinceCode":"063000000","regionCode":"060000000","islandGroupCode":"visayas","psgc10DigitCode":"0631000096"},{"code":"063022097","name":"Luna","oldName":"Jaro","subMunicipalityCode":false,"cityCode":"063022000","municipalityCode":false,"districtCode":false,"provinceCode":"063000000","regionCode":"060000000","islandGroupCode":"visayas","psgc10DigitCode":"0631000097"},{"code":"063022098","name":"M. V. Hechanova","oldName":"","subMunicipalityCode":false,"cityCode":"063022000","municipalityCode":false,"districtCode":false,"provinceCode":"063000000","regionCode":"060000000","islandGroupCode":"visayas","psgc10DigitCode":"0631000098"},{"code":"063022099","name":"Burgos-Mabini-Plaza","oldName":"","subMunicipalityCode":false,"cityCode":"063022000","municipalityCode":false,"districtCode":false,"provinceCode":"063000000","regionCode":"060000000","islandGroupCode":"visayas","psgc10DigitCode":"0631000099"},{"code":"063022100","name":"Macarthur","oldName":"","subMunicipalityCode":false,"cityCode":"063022000","municipalityCode":false,"districtCode":false,"provinceCode":"063000000","regionCode":"060000000","islandGroupCode":"visayas","psgc10DigitCode":"0631000100"},{"code":"063022101","name":"Magdalo","oldName":"","subMunicipalityCode":false,"cityCode":"063022000","municipalityCode":false,"districtCode":false,"provinceCode":"063000000","regionCode":"060000000","islandGroupCode":"visayas","psgc10DigitCode":"0631000101"},{"code":"063022102","name":"Magsaysay","oldName":"","subMunicipalityCode":false,"cityCode":"063022000","municipalityCode":false,"districtCode":false,"provinceCode":"063000000","regionCode":"060000000","islandGroupCode":"visayas","psgc10DigitCode":"0631000102"},{"code":"063022103","name":"Magsaysay Village","oldName":"","subMunicipalityCode":false,"cityCode":"063022000","municipalityCode":false,"districtCode":false,"provinceCode":"063000000","regionCode":"060000000","islandGroupCode":"visayas","psgc10DigitCode":"0631000103"},{"code":"063022104","name":"Malipayon-Delgado","oldName":"","subMunicipalityCode":false,"cityCode":"063022000","municipalityCode":false,"districtCode":false,"provinceCode":"063000000","regionCode":"060000000","islandGroupCode":"visayas","psgc10DigitCode":"0631000104"},{"code":"063022105","name":"Mansaya-Lapuz","oldName":"","subMunicipalityCode":false,"cityCode":"063022000","municipalityCode":false,"districtCode":false,"provinceCode":"063000000","regionCode":"060000000","islandGroupCode":"visayas","psgc10DigitCode":"0631000105"},{"code":"063022106","name":"Marcelo H. del Pilar","oldName":"","subMunicipalityCode":false,"cityCode":"063022000","municipalityCode":false,"districtCode":false,"provinceCode":"063000000","regionCode":"060000000","islandGroupCode":"visayas","psgc10DigitCode":"0631000106"},{"code":"063022107","name":"Maria Clara","oldName":"","subMunicipalityCode":false,"cityCode":"063022000","municipalityCode":false,"districtCode":false,"provinceCode":"063000000","regionCode":"060000000","islandGroupCode":"visayas","psgc10DigitCode":"0631000107"},{"code":"063022108","name":"Maria Cristina","oldName":"","subMunicipalityCode":false,"cityCode":"063022000","municipalityCode":false,"districtCode":false,"provinceCode":"063000000","regionCode":"060000000","islandGroupCode":"visayas","psgc10DigitCode":"0631000108"},{"code":"063022109","name":"Mohon","oldName":"","subMunicipalityCode":false,"cityCode":"063022000","municipalityCode":false,"districtCode":false,"provinceCode":"063000000","regionCode":"060000000","islandGroupCode":"visayas","psgc10DigitCode":"0631000109"},{"code":"063022110","name":"Molo Boulevard","oldName":"","subMunicipalityCode":false,"cityCode":"063022000","municipalityCode":false,"districtCode":false,"provinceCode":"063000000","regionCode":"060000000","islandGroupCode":"visayas","psgc10DigitCode":"0631000110"},{"code":"063022112","name":"Montinola","oldName":"","subMunicipalityCode":false,"cityCode":"063022000","municipalityCode":false,"districtCode":false,"provinceCode":"063000000","regionCode":"060000000","islandGroupCode":"visayas","psgc10DigitCode":"0631000112"},{"code":"063022113","name":"Muelle Loney-Montes","oldName":"","subMunicipalityCode":false,"cityCode":"063022000","municipalityCode":false,"districtCode":false,"provinceCode":"063000000","regionCode":"060000000","islandGroupCode":"visayas","psgc10DigitCode":"0631000113"},{"code":"063022114","name":"Nabitasan","oldName":"","subMunicipalityCode":false,"cityCode":"063022000","municipalityCode":false,"districtCode":false,"provinceCode":"063000000","regionCode":"060000000","islandGroupCode":"visayas","psgc10DigitCode":"0631000114"},{"code":"063022115","name":"Navais","oldName":"","subMunicipalityCode":false,"cityCode":"063022000","municipalityCode":false,"districtCode":false,"provinceCode":"063000000","regionCode":"060000000","islandGroupCode":"visayas","psgc10DigitCode":"0631000115"},{"code":"063022116","name":"Nonoy","oldName":"","subMunicipalityCode":false,"cityCode":"063022000","municipalityCode":false,"districtCode":false,"provinceCode":"063000000","regionCode":"060000000","islandGroupCode":"visayas","psgc10DigitCode":"0631000116"},{"code":"063022117","name":"North Fundidor","oldName":"","subMunicipalityCode":false,"cityCode":"063022000","municipalityCode":false,"districtCode":false,"provinceCode":"063000000","regionCode":"060000000","islandGroupCode":"visayas","psgc10DigitCode":"0631000117"},{"code":"063022118","name":"North Baluarte","oldName":"","subMunicipalityCode":false,"cityCode":"063022000","municipalityCode":false,"districtCode":false,"provinceCode":"063000000","regionCode":"060000000","islandGroupCode":"visayas","psgc10DigitCode":"0631000118"},{"code":"063022119","name":"North San Jose","oldName":"","subMunicipalityCode":false,"cityCode":"063022000","municipalityCode":false,"districtCode":false,"provinceCode":"063000000","regionCode":"060000000","islandGroupCode":"visayas","psgc10DigitCode":"0631000119"},{"code":"063022120","name":"Oñate de Leon","oldName":"","subMunicipalityCode":false,"cityCode":"063022000","municipalityCode":false,"districtCode":false,"provinceCode":"063000000","regionCode":"060000000","islandGroupCode":"visayas","psgc10DigitCode":"0631000120"},{"code":"063022121","name":"Obrero-Lapuz","oldName":"","subMunicipalityCode":false,"cityCode":"063022000","municipalityCode":false,"districtCode":false,"provinceCode":"063000000","regionCode":"060000000","islandGroupCode":"visayas","psgc10DigitCode":"0631000121"},{"code":"063022122","name":"Ortiz","oldName":"","subMunicipalityCode":false,"cityCode":"063022000","municipalityCode":false,"districtCode":false,"provinceCode":"063000000","regionCode":"060000000","islandGroupCode":"visayas","psgc10DigitCode":"0631000122"},{"code":"063022123","name":"Osmeña","oldName":"","subMunicipalityCode":false,"cityCode":"063022000","municipalityCode":false,"districtCode":false,"provinceCode":"063000000","regionCode":"060000000","islandGroupCode":"visayas","psgc10DigitCode":"0631000123"},{"code":"063022124","name":"Our Lady Of Lourdes","oldName":"","subMunicipalityCode":false,"cityCode":"063022000","municipalityCode":false,"districtCode":false,"provinceCode":"063000000","regionCode":"060000000","islandGroupCode":"visayas","psgc10DigitCode":"0631000124"},{"code":"063022125","name":"Rizal Palapala I","oldName":"","subMunicipalityCode":false,"cityCode":"063022000","municipalityCode":false,"districtCode":false,"provinceCode":"063000000","regionCode":"060000000","islandGroupCode":"visayas","psgc10DigitCode":"0631000125"},{"code":"063022126","name":"Rizal Palapala II","oldName":"","subMunicipalityCode":false,"cityCode":"063022000","municipalityCode":false,"districtCode":false,"provinceCode":"063000000","regionCode":"060000000","islandGroupCode":"visayas","psgc10DigitCode":"0631000126"},{"code":"063022127","name":"PHHC Block 17","oldName":"","subMunicipalityCode":false,"cityCode":"063022000","municipalityCode":false,"districtCode":false,"provinceCode":"063000000","regionCode":"060000000","islandGroupCode":"visayas","psgc10DigitCode":"0631000127"},{"code":"063022128","name":"PHHC Block 22 NHA","oldName":"","subMunicipalityCode":false,"cityCode":"063022000","municipalityCode":false,"districtCode":false,"provinceCode":"063000000","regionCode":"060000000","islandGroupCode":"visayas","psgc10DigitCode":"0631000128"},{"code":"063022129","name":"Poblacion Molo","oldName":"","subMunicipalityCode":false,"cityCode":"063022000","municipalityCode":false,"districtCode":false,"provinceCode":"063000000","regionCode":"060000000","islandGroupCode":"visayas","psgc10DigitCode":"0631000129"},{"code":"063022131","name":"President Roxas","oldName":"","subMunicipalityCode":false,"cityCode":"063022000","municipalityCode":false,"districtCode":false,"provinceCode":"063000000","regionCode":"060000000","islandGroupCode":"visayas","psgc10DigitCode":"0631000131"},{"code":"063022132","name":"Progreso-Lapuz","oldName":"","subMunicipalityCode":false,"cityCode":"063022000","municipalityCode":false,"districtCode":false,"provinceCode":"063000000","regionCode":"060000000","islandGroupCode":"visayas","psgc10DigitCode":"0631000132"},{"code":"063022133","name":"Punong-Lapuz","oldName":"","subMunicipalityCode":false,"cityCode":"063022000","municipalityCode":false,"districtCode":false,"provinceCode":"063000000","regionCode":"060000000","islandGroupCode":"visayas","psgc10DigitCode":"0631000133"},{"code":"063022134","name":"Quezon","oldName":"","subMunicipalityCode":false,"cityCode":"063022000","municipalityCode":false,"districtCode":false,"provinceCode":"063000000","regionCode":"060000000","islandGroupCode":"visayas","psgc10DigitCode":"0631000134"},{"code":"063022135","name":"Quintin Salas","oldName":"","subMunicipalityCode":false,"cityCode":"063022000","municipalityCode":false,"districtCode":false,"provinceCode":"063000000","regionCode":"060000000","islandGroupCode":"visayas","psgc10DigitCode":"0631000135"},{"code":"063022136","name":"Rima-Rizal","oldName":"","subMunicipalityCode":false,"cityCode":"063022000","municipalityCode":false,"districtCode":false,"provinceCode":"063000000","regionCode":"060000000","islandGroupCode":"visayas","psgc10DigitCode":"0631000136"},{"code":"063022137","name":"Rizal Estanzuela","oldName":"","subMunicipalityCode":false,"cityCode":"063022000","municipalityCode":false,"districtCode":false,"provinceCode":"063000000","regionCode":"060000000","islandGroupCode":"visayas","psgc10DigitCode":"0631000137"},{"code":"063022138","name":"Rizal Ibarra","oldName":"","subMunicipalityCode":false,"cityCode":"063022000","municipalityCode":false,"districtCode":false,"provinceCode":"063000000","regionCode":"060000000","islandGroupCode":"visayas","psgc10DigitCode":"0631000138"},{"code":"063022139","name":"Railway","oldName":"","subMunicipalityCode":false,"cityCode":"063022000","municipalityCode":false,"districtCode":false,"provinceCode":"063000000","regionCode":"060000000","islandGroupCode":"visayas","psgc10DigitCode":"0631000139"},{"code":"063022140","name":"Roxas Village","oldName":"","subMunicipalityCode":false,"cityCode":"063022000","municipalityCode":false,"districtCode":false,"provinceCode":"063000000","regionCode":"060000000","islandGroupCode":"visayas","psgc10DigitCode":"0631000140"},{"code":"063022144","name":"Sambag","oldName":"","subMunicipalityCode":false,"cityCode":"063022000","municipalityCode":false,"districtCode":false,"provinceCode":"063000000","regionCode":"060000000","islandGroupCode":"visayas","psgc10DigitCode":"0631000144"},{"code":"063022146","name":"Sampaguita","oldName":"","subMunicipalityCode":false,"cityCode":"063022000","municipalityCode":false,"districtCode":false,"provinceCode":"063000000","regionCode":"060000000","islandGroupCode":"visayas","psgc10DigitCode":"0631000146"},{"code":"063022148","name":"San Agustin","oldName":"","subMunicipalityCode":false,"cityCode":"063022000","municipalityCode":false,"districtCode":false,"provinceCode":"063000000","regionCode":"060000000","islandGroupCode":"visayas","psgc10DigitCode":"0631000148"},{"code":"063022149","name":"San Antonio","oldName":"","subMunicipalityCode":false,"cityCode":"063022000","municipalityCode":false,"districtCode":false,"provinceCode":"063000000","regionCode":"060000000","islandGroupCode":"visayas","psgc10DigitCode":"0631000149"},{"code":"063022150","name":"San Felix","oldName":"","subMunicipalityCode":false,"cityCode":"063022000","municipalityCode":false,"districtCode":false,"provinceCode":"063000000","regionCode":"060000000","islandGroupCode":"visayas","psgc10DigitCode":"0631000150"},{"code":"063022151","name":"San Isidro","oldName":"Jaro","subMunicipalityCode":false,"cityCode":"063022000","municipalityCode":false,"districtCode":false,"provinceCode":"063000000","regionCode":"060000000","islandGroupCode":"visayas","psgc10DigitCode":"0631000151"},{"code":"063022152","name":"Hibao-an Norte","oldName":"","subMunicipalityCode":false,"cityCode":"063022000","municipalityCode":false,"districtCode":false,"provinceCode":"063000000","regionCode":"060000000","islandGroupCode":"visayas","psgc10DigitCode":"0631000152"},{"code":"063022154","name":"San Jose","oldName":"Jaro","subMunicipalityCode":false,"cityCode":"063022000","municipalityCode":false,"districtCode":false,"provinceCode":"063000000","regionCode":"060000000","islandGroupCode":"visayas","psgc10DigitCode":"0631000154"},{"code":"063022155","name":"San Jose","oldName":"Arevalo","subMunicipalityCode":false,"cityCode":"063022000","municipalityCode":false,"districtCode":false,"provinceCode":"063000000","regionCode":"060000000","islandGroupCode":"visayas","psgc10DigitCode":"0631000155"},{"code":"063022156","name":"San Juan","oldName":"","subMunicipalityCode":false,"cityCode":"063022000","municipalityCode":false,"districtCode":false,"provinceCode":"063000000","regionCode":"060000000","islandGroupCode":"visayas","psgc10DigitCode":"0631000156"},{"code":"063022157","name":"San Nicolas","oldName":"","subMunicipalityCode":false,"cityCode":"063022000","municipalityCode":false,"districtCode":false,"provinceCode":"063000000","regionCode":"060000000","islandGroupCode":"visayas","psgc10DigitCode":"0631000157"},{"code":"063022158","name":"San Pedro","oldName":"Molo","subMunicipalityCode":false,"cityCode":"063022000","municipalityCode":false,"districtCode":false,"provinceCode":"063000000","regionCode":"060000000","islandGroupCode":"visayas","psgc10DigitCode":"0631000158"},{"code":"063022159","name":"San Pedro","oldName":"Jaro","subMunicipalityCode":false,"cityCode":"063022000","municipalityCode":false,"districtCode":false,"provinceCode":"063000000","regionCode":"060000000","islandGroupCode":"visayas","psgc10DigitCode":"0631000159"},{"code":"063022160","name":"San Rafael","oldName":"","subMunicipalityCode":false,"cityCode":"063022000","municipalityCode":false,"districtCode":false,"provinceCode":"063000000","regionCode":"060000000","islandGroupCode":"visayas","psgc10DigitCode":"0631000160"},{"code":"063022161","name":"San Roque","oldName":"","subMunicipalityCode":false,"cityCode":"063022000","municipalityCode":false,"districtCode":false,"provinceCode":"063000000","regionCode":"060000000","islandGroupCode":"visayas","psgc10DigitCode":"0631000161"},{"code":"063022163","name":"San Vicente","oldName":"","subMunicipalityCode":false,"cityCode":"063022000","municipalityCode":false,"districtCode":false,"provinceCode":"063000000","regionCode":"060000000","islandGroupCode":"visayas","psgc10DigitCode":"0631000163"},{"code":"063022164","name":"Santa Filomena","oldName":"","subMunicipalityCode":false,"cityCode":"063022000","municipalityCode":false,"districtCode":false,"provinceCode":"063000000","regionCode":"060000000","islandGroupCode":"visayas","psgc10DigitCode":"0631000164"},{"code":"063022165","name":"Santa Rosa","oldName":"","subMunicipalityCode":false,"cityCode":"063022000","municipalityCode":false,"districtCode":false,"provinceCode":"063000000","regionCode":"060000000","islandGroupCode":"visayas","psgc10DigitCode":"0631000165"},{"code":"063022166","name":"Santo Domingo","oldName":"","subMunicipalityCode":false,"cityCode":"063022000","municipalityCode":false,"districtCode":false,"provinceCode":"063000000","regionCode":"060000000","islandGroupCode":"visayas","psgc10DigitCode":"0631000166"},{"code":"063022167","name":"Santo Niño Norte","oldName":"","subMunicipalityCode":false,"cityCode":"063022000","municipalityCode":false,"districtCode":false,"provinceCode":"063000000","regionCode":"060000000","islandGroupCode":"visayas","psgc10DigitCode":"0631000167"},{"code":"063022168","name":"Santo Niño Sur","oldName":"","subMunicipalityCode":false,"cityCode":"063022000","municipalityCode":false,"districtCode":false,"provinceCode":"063000000","regionCode":"060000000","islandGroupCode":"visayas","psgc10DigitCode":"0631000168"},{"code":"063022169","name":"Santo Rosario-Duran","oldName":"","subMunicipalityCode":false,"cityCode":"063022000","municipalityCode":false,"districtCode":false,"provinceCode":"063000000","regionCode":"060000000","islandGroupCode":"visayas","psgc10DigitCode":"0631000169"},{"code":"063022170","name":"Simon Ledesma","oldName":"","subMunicipalityCode":false,"cityCode":"063022000","municipalityCode":false,"districtCode":false,"provinceCode":"063000000","regionCode":"060000000","islandGroupCode":"visayas","psgc10DigitCode":"0631000170"},{"code":"063022171","name":"So-oc","oldName":"","subMunicipalityCode":false,"cityCode":"063022000","municipalityCode":false,"districtCode":false,"provinceCode":"063000000","regionCode":"060000000","islandGroupCode":"visayas","psgc10DigitCode":"0631000171"},{"code":"063022172","name":"South Baluarte","oldName":"","subMunicipalityCode":false,"cityCode":"063022000","municipalityCode":false,"districtCode":false,"provinceCode":"063000000","regionCode":"060000000","islandGroupCode":"visayas","psgc10DigitCode":"0631000172"},{"code":"063022173","name":"South San Jose","oldName":"","subMunicipalityCode":false,"cityCode":"063022000","municipalityCode":false,"districtCode":false,"provinceCode":"063000000","regionCode":"060000000","islandGroupCode":"visayas","psgc10DigitCode":"0631000173"},{"code":"063022174","name":"Taal","oldName":"","subMunicipalityCode":false,"cityCode":"063022000","municipalityCode":false,"districtCode":false,"provinceCode":"063000000","regionCode":"060000000","islandGroupCode":"visayas","psgc10DigitCode":"0631000174"},{"code":"063022175","name":"Tabuc Suba","oldName":"Jaro","subMunicipalityCode":false,"cityCode":"063022000","municipalityCode":false,"districtCode":false,"provinceCode":"063000000","regionCode":"060000000","islandGroupCode":"visayas","psgc10DigitCode":"0631000175"},{"code":"063022176","name":"Tabucan","oldName":"","subMunicipalityCode":false,"cityCode":"063022000","municipalityCode":false,"districtCode":false,"provinceCode":"063000000","regionCode":"060000000","islandGroupCode":"visayas","psgc10DigitCode":"0631000176"},{"code":"063022177","name":"Tacas","oldName":"","subMunicipalityCode":false,"cityCode":"063022000","municipalityCode":false,"districtCode":false,"provinceCode":"063000000","regionCode":"060000000","islandGroupCode":"visayas","psgc10DigitCode":"0631000177"},{"code":"063022178","name":"Abeto Mirasol Taft South","oldName":"Quirino Abeto","subMunicipalityCode":false,"cityCode":"063022000","municipalityCode":false,"districtCode":false,"provinceCode":"063000000","regionCode":"060000000","islandGroupCode":"visayas","psgc10DigitCode":"0631000178"},{"code":"063022179","name":"Tagbac","oldName":"","subMunicipalityCode":false,"cityCode":"063022000","municipalityCode":false,"districtCode":false,"provinceCode":"063000000","regionCode":"060000000","islandGroupCode":"visayas","psgc10DigitCode":"0631000179"},{"code":"063022181","name":"Tap-oc","oldName":"","subMunicipalityCode":false,"cityCode":"063022000","municipalityCode":false,"districtCode":false,"provinceCode":"063000000","regionCode":"060000000","islandGroupCode":"visayas","psgc10DigitCode":"0631000181"},{"code":"063022182","name":"Taytay Zone II","oldName":"","subMunicipalityCode":false,"cityCode":"063022000","municipalityCode":false,"districtCode":false,"provinceCode":"063000000","regionCode":"060000000","islandGroupCode":"visayas","psgc10DigitCode":"0631000182"},{"code":"063022183","name":"Ticud","oldName":"La Paz","subMunicipalityCode":false,"cityCode":"063022000","municipalityCode":false,"districtCode":false,"provinceCode":"063000000","regionCode":"060000000","islandGroupCode":"visayas","psgc10DigitCode":"0631000183"},{"code":"063022185","name":"Timawa Tanza I","oldName":"","subMunicipalityCode":false,"cityCode":"063022000","municipalityCode":false,"districtCode":false,"provinceCode":"063000000","regionCode":"060000000","islandGroupCode":"visayas","psgc10DigitCode":"0631000185"},{"code":"063022186","name":"Timawa Tanza II","oldName":"","subMunicipalityCode":false,"cityCode":"063022000","municipalityCode":false,"districtCode":false,"provinceCode":"063000000","regionCode":"060000000","islandGroupCode":"visayas","psgc10DigitCode":"0631000186"},{"code":"063022187","name":"Ungka","oldName":"","subMunicipalityCode":false,"cityCode":"063022000","municipalityCode":false,"districtCode":false,"provinceCode":"063000000","regionCode":"060000000","islandGroupCode":"visayas","psgc10DigitCode":"0631000187"},{"code":"063022188","name":"Veterans Village","oldName":"","subMunicipalityCode":false,"cityCode":"063022000","municipalityCode":false,"districtCode":false,"provinceCode":"063000000","regionCode":"060000000","islandGroupCode":"visayas","psgc10DigitCode":"0631000188"},{"code":"063022189","name":"Villa Anita","oldName":"","subMunicipalityCode":false,"cityCode":"063022000","municipalityCode":false,"districtCode":false,"provinceCode":"063000000","regionCode":"060000000","islandGroupCode":"visayas","psgc10DigitCode":"0631000189"},{"code":"063022191","name":"West Habog-habog","oldName":"","subMunicipalityCode":false,"cityCode":"063022000","municipalityCode":false,"districtCode":false,"provinceCode":"063000000","regionCode":"060000000","islandGroupCode":"visayas","psgc10DigitCode":"0631000191"},{"code":"063022192","name":"West Timawa","oldName":"","subMunicipalityCode":false,"cityCode":"063022000","municipalityCode":false,"districtCode":false,"provinceCode":"063000000","regionCode":"060000000","islandGroupCode":"visayas","psgc10DigitCode":"0631000192"},{"code":"063022193","name":"Yulo-Arroyo","oldName":"","subMunicipalityCode":false,"cityCode":"063022000","municipalityCode":false,"districtCode":false,"provinceCode":"063000000","regionCode":"060000000","islandGroupCode":"visayas","psgc10DigitCode":"0631000193"},{"code":"063022194","name":"Yulo Drive","oldName":"","subMunicipalityCode":false,"cityCode":"063022000","municipalityCode":false,"districtCode":false,"provinceCode":"063000000","regionCode":"060000000","islandGroupCode":"visayas","psgc10DigitCode":"0631000194"},{"code":"063022195","name":"Zamora-Melliza","oldName":"","subMunicipalityCode":false,"cityCode":"063022000","municipalityCode":false,"districtCode":false,"provinceCode":"063000000","regionCode":"060000000","islandGroupCode":"visayas","psgc10DigitCode":"0631000195"},{"code":"063022196","name":"Pale Benedicto Rizal","oldName":"Mandurriao","subMunicipalityCode":false,"cityCode":"063022000","municipalityCode":false,"districtCode":false,"provinceCode":"063000000","regionCode":"060000000","islandGroupCode":"visayas","psgc10DigitCode":"0631000196"},{"code":"063022197","name":"Kahirupan","oldName":"","subMunicipalityCode":false,"cityCode":"063022000","municipalityCode":false,"districtCode":false,"provinceCode":"063000000","regionCode":"060000000","islandGroupCode":"visayas","psgc10DigitCode":"0631000197"},{"code":"063022198","name":"Luna","oldName":"La Paz","subMunicipalityCode":false,"cityCode":"063022000","municipalityCode":false,"districtCode":false,"provinceCode":"063000000","regionCode":"060000000","islandGroupCode":"visayas","psgc10DigitCode":"0631000198"},{"code":"063022199","name":"San Isidro","oldName":"La Paz","subMunicipalityCode":false,"cityCode":"063022000","municipalityCode":false,"districtCode":false,"provinceCode":"063000000","regionCode":"060000000","islandGroupCode":"visayas","psgc10DigitCode":"0631000199"},{"code":"063022200","name":"San Jose","oldName":"City Proper","subMunicipalityCode":false,"cityCode":"063022000","municipalityCode":false,"districtCode":false,"provinceCode":"063000000","regionCode":"060000000","islandGroupCode":"visayas","psgc10DigitCode":"0631000200"},{"code":"063022201","name":"Tabuc Suba","oldName":"La Paz","subMunicipalityCode":false,"cityCode":"063022000","municipalityCode":false,"districtCode":false,"provinceCode":"063000000","regionCode":"060000000","islandGroupCode":"visayas","psgc10DigitCode":"0631000201"},{"code":"063022202","name":"Rizal","oldName":"La Paz","subMunicipalityCode":false,"cityCode":"063022000","municipalityCode":false,"districtCode":false,"provinceCode":"063000000","regionCode":"060000000","islandGroupCode":"visayas","psgc10DigitCode":"0631000202"}]