[{"code":"036916001","name":"Aguso","oldName":"","subMunicipalityCode":false,"cityCode":"036916000","municipalityCode":false,"districtCode":false,"provinceCode":"036900000","regionCode":"030000000","islandGroupCode":"luzon","psgc10DigitCode":"0306916001"},{"code":"036916003","name":"Alvindia Segundo","oldName":"","subMunicipalityCode":false,"cityCode":"036916000","municipalityCode":false,"districtCode":false,"provinceCode":"036900000","regionCode":"030000000","islandGroupCode":"luzon","psgc10DigitCode":"0306916003"},{"code":"036916004","name":"Amucao","oldName":"","subMunicipalityCode":false,"cityCode":"036916000","municipalityCode":false,"districtCode":false,"provinceCode":"036900000","regionCode":"030000000","islandGroupCode":"luzon","psgc10DigitCode":"0306916004"},{"code":"036916005","name":"Armenia","oldName":"","subMunicipalityCode":false,"cityCode":"036916000","municipalityCode":false,"districtCode":false,"provinceCode":"036900000","regionCode":"030000000","islandGroupCode":"luzon","psgc10DigitCode":"0306916005"},{"code":"036916006","name":"Asturias","oldName":"","subMunicipalityCode":false,"cityCode":"036916000","municipalityCode":false,"districtCode":false,"provinceCode":"036900000","regionCode":"030000000","islandGroupCode":"luzon","psgc10DigitCode":"0306916006"},{"code":"036916007","name":"Atioc","oldName":"","subMunicipalityCode":false,"cityCode":"036916000","municipalityCode":false,"districtCode":false,"provinceCode":"036900000","regionCode":"030000000","islandGroupCode":"luzon","psgc10DigitCode":"0306916007"},{"code":"036916008","name":"Balanti","oldName":"","subMunicipalityCode":false,"cityCode":"036916000","municipalityCode":false,"districtCode":false,"provinceCode":"036900000","regionCode":"030000000","islandGroupCode":"luzon","psgc10DigitCode":"0306916008"},{"code":"036916009","name":"Balete","oldName":"","subMunicipalityCode":false,"cityCode":"036916000","municipalityCode":false,"districtCode":false,"provinceCode":"036900000","regionCode":"030000000","islandGroupCode":"luzon","psgc10DigitCode":"0306916009"},{"code":"036916010","name":"Balibago I","oldName":"","subMunicipalityCode":false,"cityCode":"036916000","municipalityCode":false,"districtCode":false,"provinceCode":"036900000","regionCode":"030000000","islandGroupCode":"luzon","psgc10DigitCode":"0306916010"},{"code":"036916011","name":"Balibago II","oldName":"","subMunicipalityCode":false,"cityCode":"036916000","municipalityCode":false,"districtCode":false,"provinceCode":"036900000","regionCode":"030000000","islandGroupCode":"luzon","psgc10DigitCode":"0306916011"},{"code":"036916012","name":"Balingcanaway","oldName":"","subMunicipalityCode":false,"cityCode":"036916000","municipalityCode":false,"districtCode":false,"provinceCode":"036900000","regionCode":"030000000","islandGroupCode":"luzon","psgc10DigitCode":"0306916012"},{"code":"036916013","name":"Banaba","oldName":"","subMunicipalityCode":false,"cityCode":"036916000","municipalityCode":false,"districtCode":false,"provinceCode":"036900000","regionCode":"030000000","islandGroupCode":"luzon","psgc10DigitCode":"0306916013"},{"code":"036916014","name":"Bantog","oldName":"","subMunicipalityCode":false,"cityCode":"036916000","municipalityCode":false,"districtCode":false,"provinceCode":"036900000","regionCode":"030000000","islandGroupCode":"luzon","psgc10DigitCode":"0306916014"},{"code":"036916015","name":"Baras-baras","oldName":"","subMunicipalityCode":false,"cityCode":"036916000","municipalityCode":false,"districtCode":false,"provinceCode":"036900000","regionCode":"030000000","islandGroupCode":"luzon","psgc10DigitCode":"0306916015"},{"code":"036916016","name":"Batang-batang","oldName":"","subMunicipalityCode":false,"cityCode":"036916000","municipalityCode":false,"districtCode":false,"provinceCode":"036900000","regionCode":"030000000","islandGroupCode":"luzon","psgc10DigitCode":"0306916016"},{"code":"036916018","name":"Binauganan","oldName":"","subMunicipalityCode":false,"cityCode":"036916000","municipalityCode":false,"districtCode":false,"provinceCode":"036900000","regionCode":"030000000","islandGroupCode":"luzon","psgc10DigitCode":"0306916018"},{"code":"036916019","name":"Bora","oldName":"","subMunicipalityCode":false,"cityCode":"036916000","municipalityCode":false,"districtCode":false,"provinceCode":"036900000","regionCode":"030000000","islandGroupCode":"luzon","psgc10DigitCode":"0306916019"},{"code":"036916020","name":"Buenavista","oldName":"","subMunicipalityCode":false,"cityCode":"036916000","municipalityCode":false,"districtCode":false,"provinceCode":"036900000","regionCode":"030000000","islandGroupCode":"luzon","psgc10DigitCode":"0306916020"},{"code":"036916021","name":"Buhilit","oldName":"Bubulit","subMunicipalityCode":false,"cityCode":"036916000","municipalityCode":false,"districtCode":false,"provinceCode":"036900000","regionCode":"030000000","islandGroupCode":"luzon","psgc10DigitCode":"0306916021"},{"code":"036916023","name":"Burot","oldName":"","subMunicipalityCode":false,"cityCode":"036916000","municipalityCode":false,"districtCode":false,"provinceCode":"036900000","regionCode":"030000000","islandGroupCode":"luzon","psgc10DigitCode":"0306916023"},{"code":"036916024","name":"Calingcuan","oldName":"","subMunicipalityCode":false,"cityCode":"036916000","municipalityCode":false,"districtCode":false,"provinceCode":"036900000","regionCode":"030000000","islandGroupCode":"luzon","psgc10DigitCode":"0306916024"},{"code":"036916025","name":"Capehan","oldName":"","subMunicipalityCode":false,"cityCode":"036916000","municipalityCode":false,"districtCode":false,"provinceCode":"036900000","regionCode":"030000000","islandGroupCode":"luzon","psgc10DigitCode":"0306916025"},{"code":"036916026","name":"Carangian","oldName":"","subMunicipalityCode":false,"cityCode":"036916000","municipalityCode":false,"districtCode":false,"provinceCode":"036900000","regionCode":"030000000","islandGroupCode":"luzon","psgc10DigitCode":"0306916026"},{"code":"036916027","name":"Central","oldName":"","subMunicipalityCode":false,"cityCode":"036916000","municipalityCode":false,"districtCode":false,"provinceCode":"036900000","regionCode":"030000000","islandGroupCode":"luzon","psgc10DigitCode":"0306916027"},{"code":"036916028","name":"Culipat","oldName":"","subMunicipalityCode":false,"cityCode":"036916000","municipalityCode":false,"districtCode":false,"provinceCode":"036900000","regionCode":"030000000","islandGroupCode":"luzon","psgc10DigitCode":"0306916028"},{"code":"036916029","name":"Cut-cut I","oldName":"","subMunicipalityCode":false,"cityCode":"036916000","municipalityCode":false,"districtCode":false,"provinceCode":"036900000","regionCode":"030000000","islandGroupCode":"luzon","psgc10DigitCode":"0306916029"},{"code":"036916030","name":"Cut-cut II","oldName":"","subMunicipalityCode":false,"cityCode":"036916000","municipalityCode":false,"districtCode":false,"provinceCode":"036900000","regionCode":"030000000","islandGroupCode":"luzon","psgc10DigitCode":"0306916030"},{"code":"036916031","name":"Dalayap","oldName":"","subMunicipalityCode":false,"cityCode":"036916000","municipalityCode":false,"districtCode":false,"provinceCode":"036900000","regionCode":"030000000","islandGroupCode":"luzon","psgc10DigitCode":"0306916031"},{"code":"036916034","name":"Dela Paz","oldName":"","subMunicipalityCode":false,"cityCode":"036916000","municipalityCode":false,"districtCode":false,"provinceCode":"036900000","regionCode":"030000000","islandGroupCode":"luzon","psgc10DigitCode":"0306916034"},{"code":"036916035","name":"Dolores","oldName":"","subMunicipalityCode":false,"cityCode":"036916000","municipalityCode":false,"districtCode":false,"provinceCode":"036900000","regionCode":"030000000","islandGroupCode":"luzon","psgc10DigitCode":"0306916035"},{"code":"036916039","name":"Laoang","oldName":"","subMunicipalityCode":false,"cityCode":"036916000","municipalityCode":false,"districtCode":false,"provinceCode":"036900000","regionCode":"030000000","islandGroupCode":"luzon","psgc10DigitCode":"0306916039"},{"code":"036916041","name":"Ligtasan","oldName":"","subMunicipalityCode":false,"cityCode":"036916000","municipalityCode":false,"districtCode":false,"provinceCode":"036900000","regionCode":"030000000","islandGroupCode":"luzon","psgc10DigitCode":"0306916041"},{"code":"036916042","name":"Lourdes","oldName":"","subMunicipalityCode":false,"cityCode":"036916000","municipalityCode":false,"districtCode":false,"provinceCode":"036900000","regionCode":"030000000","islandGroupCode":"luzon","psgc10DigitCode":"0306916042"},{"code":"036916046","name":"Mabini","oldName":"","subMunicipalityCode":false,"cityCode":"036916000","municipalityCode":false,"districtCode":false,"provinceCode":"036900000","regionCode":"030000000","islandGroupCode":"luzon","psgc10DigitCode":"0306916046"},{"code":"036916047","name":"Maligaya","oldName":"","subMunicipalityCode":false,"cityCode":"036916000","municipalityCode":false,"districtCode":false,"provinceCode":"036900000","regionCode":"030000000","islandGroupCode":"luzon","psgc10DigitCode":"0306916047"},{"code":"036916048","name":"Maliwalo","oldName":"","subMunicipalityCode":false,"cityCode":"036916000","municipalityCode":false,"districtCode":false,"provinceCode":"036900000","regionCode":"030000000","islandGroupCode":"luzon","psgc10DigitCode":"0306916048"},{"code":"036916050","name":"Mapalacsiao","oldName":"","subMunicipalityCode":false,"cityCode":"036916000","municipalityCode":false,"districtCode":false,"provinceCode":"036900000","regionCode":"030000000","islandGroupCode":"luzon","psgc10DigitCode":"0306916050"},{"code":"036916051","name":"Mapalad","oldName":"","subMunicipalityCode":false,"cityCode":"036916000","municipalityCode":false,"districtCode":false,"provinceCode":"036900000","regionCode":"030000000","islandGroupCode":"luzon","psgc10DigitCode":"0306916051"},{"code":"036916052","name":"Matatalaib","oldName":"","subMunicipalityCode":false,"cityCode":"036916000","municipalityCode":false,"districtCode":false,"provinceCode":"036900000","regionCode":"030000000","islandGroupCode":"luzon","psgc10DigitCode":"0306916052"},{"code":"036916056","name":"Paraiso","oldName":"","subMunicipalityCode":false,"cityCode":"036916000","municipalityCode":false,"districtCode":false,"provinceCode":"036900000","regionCode":"030000000","islandGroupCode":"luzon","psgc10DigitCode":"0306916056"},{"code":"036916057","name":"Poblacion","oldName":"","subMunicipalityCode":false,"cityCode":"036916000","municipalityCode":false,"districtCode":false,"provinceCode":"036900000","regionCode":"030000000","islandGroupCode":"luzon","psgc10DigitCode":"0306916057"},{"code":"036916058","name":"San Carlos","oldName":"","subMunicipalityCode":false,"cityCode":"036916000","municipalityCode":false,"districtCode":false,"provinceCode":"036900000","regionCode":"030000000","islandGroupCode":"luzon","psgc10DigitCode":"0306916058"},{"code":"036916059","name":"San Francisco","oldName":"","subMunicipalityCode":false,"cityCode":"036916000","municipalityCode":false,"districtCode":false,"provinceCode":"036900000","regionCode":"030000000","islandGroupCode":"luzon","psgc10DigitCode":"0306916059"},{"code":"036916060","name":"San Isidro","oldName":"","subMunicipalityCode":false,"cityCode":"036916000","municipalityCode":false,"districtCode":false,"provinceCode":"036900000","regionCode":"030000000","islandGroupCode":"luzon","psgc10DigitCode":"0306916060"},{"code":"036916061","name":"San Jose","oldName":"","subMunicipalityCode":false,"cityCode":"036916000","municipalityCode":false,"districtCode":false,"provinceCode":"036900000","regionCode":"030000000","islandGroupCode":"luzon","psgc10DigitCode":"0306916061"},{"code":"036916062","name":"San Jose de Urquico","oldName":"","subMunicipalityCode":false,"cityCode":"036916000","municipalityCode":false,"districtCode":false,"provinceCode":"036900000","regionCode":"030000000","islandGroupCode":"luzon","psgc10DigitCode":"0306916062"},{"code":"036916064","name":"San Juan de Mata","oldName":"","subMunicipalityCode":false,"cityCode":"036916000","municipalityCode":false,"districtCode":false,"provinceCode":"036900000","regionCode":"030000000","islandGroupCode":"luzon","psgc10DigitCode":"0306916064"},{"code":"036916066","name":"San Luis","oldName":"","subMunicipalityCode":false,"cityCode":"036916000","municipalityCode":false,"districtCode":false,"provinceCode":"036900000","regionCode":"030000000","islandGroupCode":"luzon","psgc10DigitCode":"0306916066"},{"code":"036916067","name":"San Manuel","oldName":"","subMunicipalityCode":false,"cityCode":"036916000","municipalityCode":false,"districtCode":false,"provinceCode":"036900000","regionCode":"030000000","islandGroupCode":"luzon","psgc10DigitCode":"0306916067"},{"code":"036916068","name":"San Miguel","oldName":"","subMunicipalityCode":false,"cityCode":"036916000","municipalityCode":false,"districtCode":false,"provinceCode":"036900000","regionCode":"030000000","islandGroupCode":"luzon","psgc10DigitCode":"0306916068"},{"code":"036916069","name":"San Nicolas","oldName":"","subMunicipalityCode":false,"cityCode":"036916000","municipalityCode":false,"districtCode":false,"provinceCode":"036900000","regionCode":"030000000","islandGroupCode":"luzon","psgc10DigitCode":"0306916069"},{"code":"036916070","name":"San Pablo","oldName":"","subMunicipalityCode":false,"cityCode":"036916000","municipalityCode":false,"districtCode":false,"provinceCode":"036900000","regionCode":"030000000","islandGroupCode":"luzon","psgc10DigitCode":"0306916070"},{"code":"036916071","name":"San Pascual","oldName":"","subMunicipalityCode":false,"cityCode":"036916000","municipalityCode":false,"districtCode":false,"provinceCode":"036900000","regionCode":"030000000","islandGroupCode":"luzon","psgc10DigitCode":"0306916071"},{"code":"036916072","name":"San Rafael","oldName":"","subMunicipalityCode":false,"cityCode":"036916000","municipalityCode":false,"districtCode":false,"provinceCode":"036900000","regionCode":"030000000","islandGroupCode":"luzon","psgc10DigitCode":"0306916072"},{"code":"036916073","name":"San Roque","oldName":"","subMunicipalityCode":false,"cityCode":"036916000","municipalityCode":false,"districtCode":false,"provinceCode":"036900000","regionCode":"030000000","islandGroupCode":"luzon","psgc10DigitCode":"0306916073"},{"code":"036916074","name":"San Sebastian","oldName":"","subMunicipalityCode":false,"cityCode":"036916000","municipalityCode":false,"districtCode":false,"provinceCode":"036900000","regionCode":"030000000","islandGroupCode":"luzon","psgc10DigitCode":"0306916074"},{"code":"036916075","name":"San Vicente","oldName":"","subMunicipalityCode":false,"cityCode":"036916000","municipalityCode":false,"districtCode":false,"provinceCode":"036900000","regionCode":"030000000","islandGroupCode":"luzon","psgc10DigitCode":"0306916075"},{"code":"036916076","name":"Santa Cruz","oldName":"Alvindia Primero","subMunicipalityCode":false,"cityCode":"036916000","municipalityCode":false,"districtCode":false,"provinceCode":"036900000","regionCode":"030000000","islandGroupCode":"luzon","psgc10DigitCode":"0306916076"},{"code":"036916077","name":"Santa Maria","oldName":"","subMunicipalityCode":false,"cityCode":"036916000","municipalityCode":false,"districtCode":false,"provinceCode":"036900000","regionCode":"030000000","islandGroupCode":"luzon","psgc10DigitCode":"0306916077"},{"code":"036916078","name":"Santo Cristo","oldName":"","subMunicipalityCode":false,"cityCode":"036916000","municipalityCode":false,"districtCode":false,"provinceCode":"036900000","regionCode":"030000000","islandGroupCode":"luzon","psgc10DigitCode":"0306916078"},{"code":"036916079","name":"Santo Domingo","oldName":"","subMunicipalityCode":false,"cityCode":"036916000","municipalityCode":false,"districtCode":false,"provinceCode":"036900000","regionCode":"030000000","islandGroupCode":"luzon","psgc10DigitCode":"0306916079"},{"code":"036916080","name":"Santo Niño","oldName":"","subMunicipalityCode":false,"cityCode":"036916000","municipalityCode":false,"districtCode":false,"provinceCode":"036900000","regionCode":"030000000","islandGroupCode":"luzon","psgc10DigitCode":"0306916080"},{"code":"036916081","name":"Sapang Maragul","oldName":"","subMunicipalityCode":false,"cityCode":"036916000","municipalityCode":false,"districtCode":false,"provinceCode":"036900000","regionCode":"030000000","islandGroupCode":"luzon","psgc10DigitCode":"0306916081"},{"code":"036916082","name":"Sapang Tagalog","oldName":"","subMunicipalityCode":false,"cityCode":"036916000","municipalityCode":false,"districtCode":false,"provinceCode":"036900000","regionCode":"030000000","islandGroupCode":"luzon","psgc10DigitCode":"0306916082"},{"code":"036916083","name":"Sepung Calzada","oldName":"","subMunicipalityCode":false,"cityCode":"036916000","municipalityCode":false,"districtCode":false,"provinceCode":"036900000","regionCode":"030000000","islandGroupCode":"luzon","psgc10DigitCode":"0306916083"},{"code":"036916084","name":"Sinait","oldName":"","subMunicipalityCode":false,"cityCode":"036916000","municipalityCode":false,"districtCode":false,"provinceCode":"036900000","regionCode":"030000000","islandGroupCode":"luzon","psgc10DigitCode":"0306916084"},{"code":"036916085","name":"Suizo","oldName":"","subMunicipalityCode":false,"cityCode":"036916000","municipalityCode":false,"districtCode":false,"provinceCode":"036900000","regionCode":"030000000","islandGroupCode":"luzon","psgc10DigitCode":"0306916085"},{"code":"036916087","name":"Tariji","oldName":"","subMunicipalityCode":false,"cityCode":"036916000","municipalityCode":false,"districtCode":false,"provinceCode":"036900000","regionCode":"030000000","islandGroupCode":"luzon","psgc10DigitCode":"0306916087"},{"code":"036916088","name":"Tibag","oldName":"","subMunicipalityCode":false,"cityCode":"036916000","municipalityCode":false,"districtCode":false,"provinceCode":"036900000","regionCode":"030000000","islandGroupCode":"luzon","psgc10DigitCode":"0306916088"},{"code":"036916089","name":"Tibagan","oldName":"","subMunicipalityCode":false,"cityCode":"036916000","municipalityCode":false,"districtCode":false,"provinceCode":"036900000","regionCode":"030000000","islandGroupCode":"luzon","psgc10DigitCode":"0306916089"},{"code":"036916091","name":"Trinidad","oldName":"Trinidad Primero","subMunicipalityCode":false,"cityCode":"036916000","municipalityCode":false,"districtCode":false,"provinceCode":"036900000","regionCode":"030000000","islandGroupCode":"luzon","psgc10DigitCode":"0306916091"},{"code":"036916093","name":"Ungot","oldName":"","subMunicipalityCode":false,"cityCode":"036916000","municipalityCode":false,"districtCode":false,"provinceCode":"036900000","regionCode":"030000000","islandGroupCode":"luzon","psgc10DigitCode":"0306916093"},{"code":"036916096","name":"Matadero","oldName":"","subMunicipalityCode":false,"cityCode":"036916000","municipalityCode":false,"districtCode":false,"provinceCode":"036900000","regionCode":"030000000","islandGroupCode":"luzon","psgc10DigitCode":"0306916096"},{"code":"036916097","name":"Salapungan","oldName":"","subMunicipalityCode":false,"cityCode":"036916000","municipalityCode":false,"districtCode":false,"provinceCode":"036900000","regionCode":"030000000","islandGroupCode":"luzon","psgc10DigitCode":"0306916097"},{"code":"036916098","name":"Villa Bacolor","oldName":"","subMunicipalityCode":false,"cityCode":"036916000","municipalityCode":false,"districtCode":false,"provinceCode":"036900000","regionCode":"030000000","islandGroupCode":"luzon","psgc10DigitCode":"0306916098"},{"code":"036916099","name":"Care","oldName":"","subMunicipalityCode":false,"cityCode":"036916000","municipalityCode":false,"districtCode":false,"provinceCode":"036900000","regionCode":"030000000","islandGroupCode":"luzon","psgc10DigitCode":"0306916099"}]