[{"code":"015527001","name":"Andangin","oldName":"","subMunicipalityCode":false,"cityCode":false,"municipalityCode":"015527000","districtCode":false,"provinceCode":"015500000","regionCode":"010000000","islandGroupCode":"luzon","psgc10DigitCode":"0105527001"},{"code":"015527002","name":"Arellano Street (Pob.)","oldName":"","subMunicipalityCode":false,"cityCode":false,"municipalityCode":"015527000","districtCode":false,"provinceCode":"015500000","regionCode":"010000000","islandGroupCode":"luzon","psgc10DigitCode":"0105527002"},{"code":"015527003","name":"Bantay","oldName":"","subMunicipalityCode":false,"cityCode":false,"municipalityCode":"015527000","districtCode":false,"provinceCode":"015500000","regionCode":"010000000","islandGroupCode":"luzon","psgc10DigitCode":"0105527003"},{"code":"015527004","name":"Bantocaling","oldName":"","subMunicipalityCode":false,"cityCode":false,"municipalityCode":"015527000","districtCode":false,"provinceCode":"015500000","regionCode":"010000000","islandGroupCode":"luzon","psgc10DigitCode":"0105527004"},{"code":"015527005","name":"Baracbac","oldName":"","subMunicipalityCode":false,"cityCode":false,"municipalityCode":"015527000","districtCode":false,"provinceCode":"015500000","regionCode":"010000000","islandGroupCode":"luzon","psgc10DigitCode":"0105527005"},{"code":"015527006","name":"Peania Pedania","oldName":"Bedania","subMunicipalityCode":false,"cityCode":false,"municipalityCode":"015527000","districtCode":false,"provinceCode":"015500000","regionCode":"010000000","islandGroupCode":"luzon","psgc10DigitCode":"0105527006"},{"code":"015527007","name":"Bogtong Bolo","oldName":"","subMunicipalityCode":false,"cityCode":false,"municipalityCode":"015527000","districtCode":false,"provinceCode":"015500000","regionCode":"010000000","islandGroupCode":"luzon","psgc10DigitCode":"0105527007"},{"code":"015527008","name":"Bogtong Bunao","oldName":"","subMunicipalityCode":false,"cityCode":false,"municipalityCode":"015527000","districtCode":false,"provinceCode":"015500000","regionCode":"010000000","islandGroupCode":"luzon","psgc10DigitCode":"0105527008"},{"code":"015527009","name":"Bogtong Centro","oldName":"","subMunicipalityCode":false,"cityCode":false,"municipalityCode":"015527000","districtCode":false,"provinceCode":"015500000","regionCode":"010000000","islandGroupCode":"luzon","psgc10DigitCode":"0105527009"},{"code":"015527010","name":"Bogtong Niog","oldName":"","subMunicipalityCode":false,"cityCode":false,"municipalityCode":"015527000","districtCode":false,"provinceCode":"015500000","regionCode":"010000000","islandGroupCode":"luzon","psgc10DigitCode":"0105527010"},{"code":"015527011","name":"Bogtong Silag","oldName":"","subMunicipalityCode":false,"cityCode":false,"municipalityCode":"015527000","districtCode":false,"provinceCode":"015500000","regionCode":"010000000","islandGroupCode":"luzon","psgc10DigitCode":"0105527011"},{"code":"015527012","name":"Buaya","oldName":"","subMunicipalityCode":false,"cityCode":false,"municipalityCode":"015527000","districtCode":false,"provinceCode":"015500000","regionCode":"010000000","islandGroupCode":"luzon","psgc10DigitCode":"0105527012"},{"code":"015527013","name":"Buenlag","oldName":"","subMunicipalityCode":false,"cityCode":false,"municipalityCode":"015527000","districtCode":false,"provinceCode":"015500000","regionCode":"010000000","islandGroupCode":"luzon","psgc10DigitCode":"0105527013"},{"code":"015527014","name":"Bueno","oldName":"","subMunicipalityCode":false,"cityCode":false,"municipalityCode":"015527000","districtCode":false,"provinceCode":"015500000","regionCode":"010000000","islandGroupCode":"luzon","psgc10DigitCode":"0105527014"},{"code":"015527015","name":"Bunagan","oldName":"","subMunicipalityCode":false,"cityCode":false,"municipalityCode":"015527000","districtCode":false,"provinceCode":"015500000","regionCode":"010000000","islandGroupCode":"luzon","psgc10DigitCode":"0105527015"},{"code":"015527017","name":"Bunlalacao","oldName":"","subMunicipalityCode":false,"cityCode":false,"municipalityCode":"015527000","districtCode":false,"provinceCode":"015500000","regionCode":"010000000","islandGroupCode":"luzon","psgc10DigitCode":"0105527017"},{"code":"015527018","name":"Burgos Street (Pob.)","oldName":"","subMunicipalityCode":false,"cityCode":false,"municipalityCode":"015527000","districtCode":false,"provinceCode":"015500000","regionCode":"010000000","islandGroupCode":"luzon","psgc10DigitCode":"0105527018"},{"code":"015527019","name":"Cabaluyan 1st","oldName":"","subMunicipalityCode":false,"cityCode":false,"municipalityCode":"015527000","districtCode":false,"provinceCode":"015500000","regionCode":"010000000","islandGroupCode":"luzon","psgc10DigitCode":"0105527019"},{"code":"015527020","name":"Cabaluyan 2nd","oldName":"","subMunicipalityCode":false,"cityCode":false,"municipalityCode":"015527000","districtCode":false,"provinceCode":"015500000","regionCode":"010000000","islandGroupCode":"luzon","psgc10DigitCode":"0105527020"},{"code":"015527021","name":"Cabarabuan","oldName":"","subMunicipalityCode":false,"cityCode":false,"municipalityCode":"015527000","districtCode":false,"provinceCode":"015500000","regionCode":"010000000","islandGroupCode":"luzon","psgc10DigitCode":"0105527021"},{"code":"015527022","name":"Cabaruan","oldName":"","subMunicipalityCode":false,"cityCode":false,"municipalityCode":"015527000","districtCode":false,"provinceCode":"015500000","regionCode":"010000000","islandGroupCode":"luzon","psgc10DigitCode":"0105527022"},{"code":"015527023","name":"Cabayaoasan","oldName":"","subMunicipalityCode":false,"cityCode":false,"municipalityCode":"015527000","districtCode":false,"provinceCode":"015500000","regionCode":"010000000","islandGroupCode":"luzon","psgc10DigitCode":"0105527023"},{"code":"015527024","name":"Cabayugan","oldName":"","subMunicipalityCode":false,"cityCode":false,"municipalityCode":"015527000","districtCode":false,"provinceCode":"015500000","regionCode":"010000000","islandGroupCode":"luzon","psgc10DigitCode":"0105527024"},{"code":"015527025","name":"Cacaoiten","oldName":"","subMunicipalityCode":false,"cityCode":false,"municipalityCode":"015527000","districtCode":false,"provinceCode":"015500000","regionCode":"010000000","islandGroupCode":"luzon","psgc10DigitCode":"0105527025"},{"code":"015527026","name":"Calumboyan Norte","oldName":"","subMunicipalityCode":false,"cityCode":false,"municipalityCode":"015527000","districtCode":false,"provinceCode":"015500000","regionCode":"010000000","islandGroupCode":"luzon","psgc10DigitCode":"0105527026"},{"code":"015527027","name":"Calumboyan Sur","oldName":"","subMunicipalityCode":false,"cityCode":false,"municipalityCode":"015527000","districtCode":false,"provinceCode":"015500000","regionCode":"010000000","islandGroupCode":"luzon","psgc10DigitCode":"0105527027"},{"code":"015527028","name":"Calvo (Pob.)","oldName":"","subMunicipalityCode":false,"cityCode":false,"municipalityCode":"015527000","districtCode":false,"provinceCode":"015500000","regionCode":"010000000","islandGroupCode":"luzon","psgc10DigitCode":"0105527028"},{"code":"015527029","name":"Casilagan","oldName":"","subMunicipalityCode":false,"cityCode":false,"municipalityCode":"015527000","districtCode":false,"provinceCode":"015500000","regionCode":"010000000","islandGroupCode":"luzon","psgc10DigitCode":"0105527029"},{"code":"015527030","name":"Catarataraan","oldName":"","subMunicipalityCode":false,"cityCode":false,"municipalityCode":"015527000","districtCode":false,"provinceCode":"015500000","regionCode":"010000000","islandGroupCode":"luzon","psgc10DigitCode":"0105527030"},{"code":"015527031","name":"Caturay Norte","oldName":"","subMunicipalityCode":false,"cityCode":false,"municipalityCode":"015527000","districtCode":false,"provinceCode":"015500000","regionCode":"010000000","islandGroupCode":"luzon","psgc10DigitCode":"0105527031"},{"code":"015527032","name":"Caturay Sur","oldName":"","subMunicipalityCode":false,"cityCode":false,"municipalityCode":"015527000","districtCode":false,"provinceCode":"015500000","regionCode":"010000000","islandGroupCode":"luzon","psgc10DigitCode":"0105527032"},{"code":"015527033","name":"Caviernesan","oldName":"","subMunicipalityCode":false,"cityCode":false,"municipalityCode":"015527000","districtCode":false,"provinceCode":"015500000","regionCode":"010000000","islandGroupCode":"luzon","psgc10DigitCode":"0105527033"},{"code":"015527034","name":"Dorongan Ketaket","oldName":"","subMunicipalityCode":false,"cityCode":false,"municipalityCode":"015527000","districtCode":false,"provinceCode":"015500000","regionCode":"010000000","islandGroupCode":"luzon","psgc10DigitCode":"0105527034"},{"code":"015527035","name":"Dorongan Linmansangan","oldName":"","subMunicipalityCode":false,"cityCode":false,"municipalityCode":"015527000","districtCode":false,"provinceCode":"015500000","regionCode":"010000000","islandGroupCode":"luzon","psgc10DigitCode":"0105527035"},{"code":"015527036","name":"Dorongan Punta","oldName":"","subMunicipalityCode":false,"cityCode":false,"municipalityCode":"015527000","districtCode":false,"provinceCode":"015500000","regionCode":"010000000","islandGroupCode":"luzon","psgc10DigitCode":"0105527036"},{"code":"015527037","name":"Dorongan Sawat","oldName":"","subMunicipalityCode":false,"cityCode":false,"municipalityCode":"015527000","districtCode":false,"provinceCode":"015500000","regionCode":"010000000","islandGroupCode":"luzon","psgc10DigitCode":"0105527037"},{"code":"015527038","name":"Dorongan Valerio","oldName":"","subMunicipalityCode":false,"cityCode":false,"municipalityCode":"015527000","districtCode":false,"provinceCode":"015500000","regionCode":"010000000","islandGroupCode":"luzon","psgc10DigitCode":"0105527038"},{"code":"015527039","name":"General Luna (Pob.)","oldName":"","subMunicipalityCode":false,"cityCode":false,"municipalityCode":"015527000","districtCode":false,"provinceCode":"015500000","regionCode":"010000000","islandGroupCode":"luzon","psgc10DigitCode":"0105527039"},{"code":"015527040","name":"Historia","oldName":"","subMunicipalityCode":false,"cityCode":false,"municipalityCode":"015527000","districtCode":false,"provinceCode":"015500000","regionCode":"010000000","islandGroupCode":"luzon","psgc10DigitCode":"0105527040"},{"code":"015527041","name":"Lawak Langka","oldName":"","subMunicipalityCode":false,"cityCode":false,"municipalityCode":"015527000","districtCode":false,"provinceCode":"015500000","regionCode":"010000000","islandGroupCode":"luzon","psgc10DigitCode":"0105527041"},{"code":"015527042","name":"Linmansangan","oldName":"","subMunicipalityCode":false,"cityCode":false,"municipalityCode":"015527000","districtCode":false,"provinceCode":"015500000","regionCode":"010000000","islandGroupCode":"luzon","psgc10DigitCode":"0105527042"},{"code":"015527043","name":"Lopez (Pob.)","oldName":"","subMunicipalityCode":false,"cityCode":false,"municipalityCode":"015527000","districtCode":false,"provinceCode":"015500000","regionCode":"010000000","islandGroupCode":"luzon","psgc10DigitCode":"0105527043"},{"code":"015527044","name":"Mabini (Pob.)","oldName":"","subMunicipalityCode":false,"cityCode":false,"municipalityCode":"015527000","districtCode":false,"provinceCode":"015500000","regionCode":"010000000","islandGroupCode":"luzon","psgc10DigitCode":"0105527044"},{"code":"015527045","name":"Macarang","oldName":"","subMunicipalityCode":false,"cityCode":false,"municipalityCode":"015527000","districtCode":false,"provinceCode":"015500000","regionCode":"010000000","islandGroupCode":"luzon","psgc10DigitCode":"0105527045"},{"code":"015527046","name":"Malabobo","oldName":"","subMunicipalityCode":false,"cityCode":false,"municipalityCode":"015527000","districtCode":false,"provinceCode":"015500000","regionCode":"010000000","islandGroupCode":"luzon","psgc10DigitCode":"0105527046"},{"code":"015527047","name":"Malibong","oldName":"","subMunicipalityCode":false,"cityCode":false,"municipalityCode":"015527000","districtCode":false,"provinceCode":"015500000","regionCode":"010000000","islandGroupCode":"luzon","psgc10DigitCode":"0105527047"},{"code":"015527048","name":"Malunec","oldName":"","subMunicipalityCode":false,"cityCode":false,"municipalityCode":"015527000","districtCode":false,"provinceCode":"015500000","regionCode":"010000000","islandGroupCode":"luzon","psgc10DigitCode":"0105527048"},{"code":"015527049","name":"Maravilla (Pob.)","oldName":"","subMunicipalityCode":false,"cityCode":false,"municipalityCode":"015527000","districtCode":false,"provinceCode":"015500000","regionCode":"010000000","islandGroupCode":"luzon","psgc10DigitCode":"0105527049"},{"code":"015527050","name":"Maravilla-Arellano Ext. (Pob.)","oldName":"","subMunicipalityCode":false,"cityCode":false,"municipalityCode":"015527000","districtCode":false,"provinceCode":"015500000","regionCode":"010000000","islandGroupCode":"luzon","psgc10DigitCode":"0105527050"},{"code":"015527051","name":"Muelang","oldName":"","subMunicipalityCode":false,"cityCode":false,"municipalityCode":"015527000","districtCode":false,"provinceCode":"015500000","regionCode":"010000000","islandGroupCode":"luzon","psgc10DigitCode":"0105527051"},{"code":"015527052","name":"Naguilayan East","oldName":"","subMunicipalityCode":false,"cityCode":false,"municipalityCode":"015527000","districtCode":false,"provinceCode":"015500000","regionCode":"010000000","islandGroupCode":"luzon","psgc10DigitCode":"0105527052"},{"code":"015527053","name":"Naguilayan West","oldName":"","subMunicipalityCode":false,"cityCode":false,"municipalityCode":"015527000","districtCode":false,"provinceCode":"015500000","regionCode":"010000000","islandGroupCode":"luzon","psgc10DigitCode":"0105527053"},{"code":"015527054","name":"Nancasalan","oldName":"","subMunicipalityCode":false,"cityCode":false,"municipalityCode":"015527000","districtCode":false,"provinceCode":"015500000","regionCode":"010000000","islandGroupCode":"luzon","psgc10DigitCode":"0105527054"},{"code":"015527055","name":"Niog-Cabison-Bulaney","oldName":"","subMunicipalityCode":false,"cityCode":false,"municipalityCode":"015527000","districtCode":false,"provinceCode":"015500000","regionCode":"010000000","islandGroupCode":"luzon","psgc10DigitCode":"0105527055"},{"code":"015527056","name":"Olegario-Caoile (Pob.)","oldName":"","subMunicipalityCode":false,"cityCode":false,"municipalityCode":"015527000","districtCode":false,"provinceCode":"015500000","regionCode":"010000000","islandGroupCode":"luzon","psgc10DigitCode":"0105527056"},{"code":"015527057","name":"Olo Cacamposan","oldName":"","subMunicipalityCode":false,"cityCode":false,"municipalityCode":"015527000","districtCode":false,"provinceCode":"015500000","regionCode":"010000000","islandGroupCode":"luzon","psgc10DigitCode":"0105527057"},{"code":"015527058","name":"Olo Cafabrosan","oldName":"","subMunicipalityCode":false,"cityCode":false,"municipalityCode":"015527000","districtCode":false,"provinceCode":"015500000","regionCode":"010000000","islandGroupCode":"luzon","psgc10DigitCode":"0105527058"},{"code":"015527059","name":"Olo Cagarlitan","oldName":"","subMunicipalityCode":false,"cityCode":false,"municipalityCode":"015527000","districtCode":false,"provinceCode":"015500000","regionCode":"010000000","islandGroupCode":"luzon","psgc10DigitCode":"0105527059"},{"code":"015527060","name":"Osmeña (Pob.)","oldName":"","subMunicipalityCode":false,"cityCode":false,"municipalityCode":"015527000","districtCode":false,"provinceCode":"015500000","regionCode":"010000000","islandGroupCode":"luzon","psgc10DigitCode":"0105527060"},{"code":"015527061","name":"Pacalat","oldName":"","subMunicipalityCode":false,"cityCode":false,"municipalityCode":"015527000","districtCode":false,"provinceCode":"015500000","regionCode":"010000000","islandGroupCode":"luzon","psgc10DigitCode":"0105527061"},{"code":"015527062","name":"Pampano","oldName":"","subMunicipalityCode":false,"cityCode":false,"municipalityCode":"015527000","districtCode":false,"provinceCode":"015500000","regionCode":"010000000","islandGroupCode":"luzon","psgc10DigitCode":"0105527062"},{"code":"015527063","name":"Parian","oldName":"","subMunicipalityCode":false,"cityCode":false,"municipalityCode":"015527000","districtCode":false,"provinceCode":"015500000","regionCode":"010000000","islandGroupCode":"luzon","psgc10DigitCode":"0105527063"},{"code":"015527064","name":"Paul","oldName":"","subMunicipalityCode":false,"cityCode":false,"municipalityCode":"015527000","districtCode":false,"provinceCode":"015500000","regionCode":"010000000","islandGroupCode":"luzon","psgc10DigitCode":"0105527064"},{"code":"015527065","name":"Pogon-Aniat","oldName":"","subMunicipalityCode":false,"cityCode":false,"municipalityCode":"015527000","districtCode":false,"provinceCode":"015500000","regionCode":"010000000","islandGroupCode":"luzon","psgc10DigitCode":"0105527065"},{"code":"015527066","name":"Pogon-Lomboy (Pob.)","oldName":"","subMunicipalityCode":false,"cityCode":false,"municipalityCode":"015527000","districtCode":false,"provinceCode":"015500000","regionCode":"010000000","islandGroupCode":"luzon","psgc10DigitCode":"0105527066"},{"code":"015527067","name":"Ponglo-Baleg","oldName":"","subMunicipalityCode":false,"cityCode":false,"municipalityCode":"015527000","districtCode":false,"provinceCode":"015500000","regionCode":"010000000","islandGroupCode":"luzon","psgc10DigitCode":"0105527067"},{"code":"015527068","name":"Ponglo-Muelag","oldName":"","subMunicipalityCode":false,"cityCode":false,"municipalityCode":"015527000","districtCode":false,"provinceCode":"015500000","regionCode":"010000000","islandGroupCode":"luzon","psgc10DigitCode":"0105527068"},{"code":"015527069","name":"Quetegan","oldName":"Pogon-Baleg","subMunicipalityCode":false,"cityCode":false,"municipalityCode":"015527000","districtCode":false,"provinceCode":"015500000","regionCode":"010000000","islandGroupCode":"luzon","psgc10DigitCode":"0105527069"},{"code":"015527070","name":"Quezon (Pob.)","oldName":"","subMunicipalityCode":false,"cityCode":false,"municipalityCode":"015527000","districtCode":false,"provinceCode":"015500000","regionCode":"010000000","islandGroupCode":"luzon","psgc10DigitCode":"0105527070"},{"code":"015527071","name":"Salavante","oldName":"","subMunicipalityCode":false,"cityCode":false,"municipalityCode":"015527000","districtCode":false,"provinceCode":"015500000","regionCode":"010000000","islandGroupCode":"luzon","psgc10DigitCode":"0105527071"},{"code":"015527072","name":"Sapang","oldName":"","subMunicipalityCode":false,"cityCode":false,"municipalityCode":"015527000","districtCode":false,"provinceCode":"015500000","regionCode":"010000000","islandGroupCode":"luzon","psgc10DigitCode":"0105527072"},{"code":"015527073","name":"Sonson Ongkit","oldName":"","subMunicipalityCode":false,"cityCode":false,"municipalityCode":"015527000","districtCode":false,"provinceCode":"015500000","regionCode":"010000000","islandGroupCode":"luzon","psgc10DigitCode":"0105527073"},{"code":"015527074","name":"Suaco","oldName":"","subMunicipalityCode":false,"cityCode":false,"municipalityCode":"015527000","districtCode":false,"provinceCode":"015500000","regionCode":"010000000","islandGroupCode":"luzon","psgc10DigitCode":"0105527074"},{"code":"015527075","name":"Tagac","oldName":"","subMunicipalityCode":false,"cityCode":false,"municipalityCode":"015527000","districtCode":false,"provinceCode":"015500000","regionCode":"010000000","islandGroupCode":"luzon","psgc10DigitCode":"0105527075"},{"code":"015527076","name":"Takipan","oldName":"","subMunicipalityCode":false,"cityCode":false,"municipalityCode":"015527000","districtCode":false,"provinceCode":"015500000","regionCode":"010000000","islandGroupCode":"luzon","psgc10DigitCode":"0105527076"},{"code":"015527077","name":"Talogtog","oldName":"","subMunicipalityCode":false,"cityCode":false,"municipalityCode":"015527000","districtCode":false,"provinceCode":"015500000","regionCode":"010000000","islandGroupCode":"luzon","psgc10DigitCode":"0105527077"},{"code":"015527078","name":"Tococ Barikir","oldName":"","subMunicipalityCode":false,"cityCode":false,"municipalityCode":"015527000","districtCode":false,"provinceCode":"015500000","regionCode":"010000000","islandGroupCode":"luzon","psgc10DigitCode":"0105527078"},{"code":"015527079","name":"Torre 1st","oldName":"","subMunicipalityCode":false,"cityCode":false,"municipalityCode":"015527000","districtCode":false,"provinceCode":"015500000","regionCode":"010000000","islandGroupCode":"luzon","psgc10DigitCode":"0105527079"},{"code":"015527080","name":"Torre 2nd","oldName":"","subMunicipalityCode":false,"cityCode":false,"municipalityCode":"015527000","districtCode":false,"provinceCode":"015500000","regionCode":"010000000","islandGroupCode":"luzon","psgc10DigitCode":"0105527080"},{"code":"015527081","name":"Torres Bugallon (Pob.)","oldName":"","subMunicipalityCode":false,"cityCode":false,"municipalityCode":"015527000","districtCode":false,"provinceCode":"015500000","regionCode":"010000000","islandGroupCode":"luzon","psgc10DigitCode":"0105527081"},{"code":"015527082","name":"Umangan","oldName":"","subMunicipalityCode":false,"cityCode":false,"municipalityCode":"015527000","districtCode":false,"provinceCode":"015500000","regionCode":"010000000","islandGroupCode":"luzon","psgc10DigitCode":"0105527082"},{"code":"015527083","name":"Zamora (Pob.)","oldName":"","subMunicipalityCode":false,"cityCode":false,"municipalityCode":"015527000","districtCode":false,"provinceCode":"015500000","regionCode":"010000000","islandGroupCode":"luzon","psgc10DigitCode":"0105527083"}]